region_acronym,n_neurons,n_sessions,n_probes,n_spikes_spontaneous_median,firing_rate_hz_median,local_variance_lv_median,n_timescales_median,tau_1_ms_median,tau_2_ms_median,tau_3_ms_median,tau_4_ms_median,c_1_median,c_2_median,c_3_median,c_4_median,tau_effective_ms_median,r_squared_median,ci_lower_ms_median,ci_upper_ms_median,bic_1_median,bic_2_median,bic_3_median,bic_4_median,coverage_label
CP,6406,73,78,1352.5,2.3772426990961244,1.1842298331504415,2.0,43.51502338106505,943.5471966272232,2247.0639592003336,2695.907406000345,0.1312576778126019,0.0247636695740707,0.015412904901091,0.0169916694225372,201.02477229785194,0.8189078492660786,166.11439606110162,233.75562044653094,-6068.633313299933,-6286.321227518418,-6293.592544992371,-6273.80593286882,very_high
CA1,5032,125,146,3032.0,5.753519159395343,1.2388133034351685,2.0,19.179405128425408,495.2724924292328,2620.92711908491,,0.2127381146628612,0.02354766507412585,0.0115760861582955,,65.53009107921342,0.7754555054980623,52.67722698533139,77.0531941929304,-6228.5846217141725,-6422.920418283339,-6452.642163630351,-6442.763577753286,very_high
DG,3288,124,146,3198.5,5.903610957680321,1.2846179653022316,2.0,15.686140126101629,310.96564015270354,2789.7659469124173,5027.386423883763,0.2020774786210966,0.02513100660286105,0.011296978066633701,0.00344118814982425,63.99248358224366,0.7320388218243964,50.400664329458266,78.06963232744721,-6213.445068888903,-6391.149251875605,-6410.077473219342,-6373.765350163671,very_high
MOp,2244,34,37,2557.5,4.324435878907871,1.134317710989398,2.0,30.659503231670694,1026.342984110771,2082.9729699556547,5893.767263653255,0.11170664715473269,0.0205295238837521,0.0137149565718894,0.0110636493504674,208.38449571839038,0.7714914028555528,172.95877368671495,244.0208507938147,-6186.148610471472,-6425.415683357512,-6451.385094920863,-6448.417843827134,very_high
MRN,2026,97,111,2106.0,3.8504061512740533,0.9323096013228906,2.0,237.35995060668265,2175.320873892164,3473.907367424216,2146.169311872217,0.0704818836185689,0.0352588235693066,0.0258577791577356,0.15209323499779615,1082.3010553826637,0.8299082280778722,969.5087983291082,1183.102657206102,-5939.411861352673,-6155.598967684927,-6249.322986579165,-6248.611928807284,very_high
PO,1909,46,48,3657.0,6.963936554758126,1.0261026038850165,2.0,29.185983976762508,511.22621865158834,3407.9619818986384,5532.999979999992,0.1128144509069539,0.0247673586068802,0.0124108954469363,0.0318065687432012,218.420166519455,0.7897345602516874,169.53965378987093,265.21894890738827,-6185.224357441236,-6443.599576165475,-6469.8355202184,-6439.106554088513,very_high
CA3,1670,74,78,2897.0,5.485246046843094,1.186325076016133,2.0,20.632284728996716,473.9788122744107,2602.4700318685536,4503.818397977225,0.19076765486725966,0.02393969450177935,0.012003262469623,0.013242037667369751,70.6797363139547,0.7661977702444465,56.8017105452887,84.78394697800516,-6226.171573678042,-6384.33102936579,-6404.795297108907,-6355.426327224495,very_high
SCm,1621,57,63,2447.0,4.329458388497538,0.9939712374206986,2.0,158.66917919306434,1632.473975832022,2954.615917550861,,0.0773889479386977,0.028459448252926102,0.019735373226361,,679.0504856650209,0.8074537869817328,592.7005258108097,758.0220470377203,-6052.679988649597,-6315.518806159611,-6356.832761512351,-6337.480552030307,very_high
LP,1527,63,69,4443.0,8.037253200273259,0.9745249804151476,2.0,56.74526665075692,734.9923365239965,3912.964862267523,3512.472532185713,0.0802977949026657,0.0203656918079096,0.009312812584526,0.04661082313141365,248.45978175916463,0.7543276044874444,213.24687669666585,289.2979066067601,-6307.977988035001,-6480.386518654466,-6517.265351009874,-6509.3974082083805,very_high
MOs,1459,46,51,1962.0,3.65309793305175,1.1621810697923227,2.0,49.05902842377553,1145.9920775883306,2982.0873694092516,3387.518679355531,0.1069319732203168,0.01981218527940565,0.010567956473711851,0.010820989726206149,190.7749763690217,0.7453754985791488,159.49206447430768,221.84023265200528,-6111.901257454208,-6323.96309958378,-6381.78861609103,-6356.928330164151,very_high
APN,1409,44,53,2617.0,4.6594988926273855,0.9794834171166468,2.0,158.80799388422616,1891.835432287059,3218.330382231323,,0.0743877221565148,0.0265996463614862,0.013996838829498301,,632.545186817344,0.8112606125512539,562.1915820527993,711.4977886440577,-6064.969764187497,-6294.090994205807,-6385.772717977705,-6375.333350411176,very_high
ENTm,1324,18,19,2959.0,5.201854742765216,1.2935070783993976,2.0,20.473539432050035,220.0777182648119,1435.2772432120819,,0.15788806209596715,0.039411570604421,0.0103304420627056,,68.84787132718218,0.7497144736720993,53.75827815224359,81.49184642173745,-6236.386924307017,-6387.67334287299,-6416.601106828865,-6386.597307063165,very_high
VISp,1209,48,51,2963.0,5.326173746140058,1.1101308208286582,2.0,40.76517391599159,666.0650505976259,3073.138076006817,5785.981215329348,0.0840166297359717,0.0265844597951112,0.01303936516447545,0.0135243068494865,280.16550815990223,0.7812092790662175,226.9799311801452,322.4000369334234,-6215.578603669168,-6426.818514800272,-6455.582547195591,-6427.531189292407,very_high
PIR,1176,30,30,1687.5,2.922228338638453,1.211257342045836,2.0,31.315646335769372,656.1661755346636,2575.1237557803342,,0.16540990715204634,0.0144711511980628,0.0072090405128736,,74.5197564430018,0.7477657533314571,61.463999372105874,87.9232743755261,-6317.534764082519,-6445.3840665238995,-6452.967141727278,-6369.607169477253,very_high
VPM,1163,34,36,3423.0,6.578926642291335,1.044694367518348,2.0,30.48497676098319,565.0714335239933,3444.265419385365,3566.5910105638864,0.1278806688367836,0.0307374510168375,0.0166456739326896,0.047368647634005896,304.950616792888,0.8335438200645287,238.88584529962355,360.3283509790796,-6034.778099735572,-6335.109580846206,-6404.169898547489,-6365.694279678712,very_high
SSp-bfd,1149,30,30,2906.0,5.259341476614076,1.2535372757388128,2.0,17.884077900055722,341.7116429854765,2576.5736210391533,4433.617943049145,0.1888251917295093,0.0268707518983164,0.013036994379379399,0.0043891307865534,96.26168423500935,0.79735407147372,73.14515816096839,118.83040179774102,-6211.706137609644,-6440.698524380818,-6476.449999204343,-6459.251913295176,very_high
SPVI,1036,15,15,933.0,1.559823013262837,1.2708192407990533,2.0,137.23202053086843,1576.6373197032592,2712.5141141385225,,0.0617378095780187,0.0309722517335814,0.02299498613067055,,480.4794184337078,0.7760741880208205,400.96223454801475,562.5766076735738,-6145.601811373616,-6271.89641459158,-6259.507356380812,-6252.691562224185,very_high
SSp-m,1014,13,13,2586.0,4.309432798393953,1.2625768999500235,2.0,20.081706747301624,738.6445423829849,2139.924526527928,3095.402368008793,0.1632595588650244,0.0217053737527925,0.0140366601523654,0.0170751691639609,107.55157896476028,0.7752435526441113,84.39099377402441,129.12982272329484,-6229.908531789366,-6454.938677117585,-6439.995193223956,-6426.34357990932,very_high
VISa,1006,39,46,2477.5,4.757882059030768,1.0960935893187638,2.0,53.45735929178305,1140.1568224332336,2963.947856526006,5615.006048121881,0.0862099566763039,0.0241927657157663,0.0133436852046265,0.0105812025325242,335.55469450579886,0.7915189382246252,287.53601870936814,391.03629535056234,-6121.128445038081,-6345.495406374064,-6406.163348067763,-6397.201753864707,very_high
IRN,958,32,33,786.5,1.310671851418711,1.077792533540241,2.0,129.99696507178015,1568.094142345582,3065.254549503009,3542.2153268119446,0.10305193855899085,0.048045008522153,0.0430509052762118,0.07129859663781729,733.7696821496808,0.8615254398170082,637.1413735883116,842.8287838406491,-5643.747660020707,-5840.305076874489,-5927.237181314737,-5940.3915016868905,very_high
GRN,922,17,17,1159.5,1.9323088728359152,0.9738777347914881,2.0,162.56632590125577,2375.682335426357,3153.5451001841043,5587.1168192960295,0.09349956062986466,0.06242781375416975,0.0555248182509368,0.0500623246391849,1177.7323906521028,0.8980325432343161,1071.8931200022448,1278.32103620713,-5593.112596939451,-5862.446717765599,-5876.467770242445,-5865.297970389889,very_high
SUB,917,35,38,3545.0,6.404202753058818,1.1223977380873422,2.0,47.27707518161616,491.4104142498308,2836.5240701203825,3951.053608207424,0.1027553889881076,0.0250857830173696,0.01007171372924375,0.0031263420725837,186.1582362231557,0.7569786404412153,149.5127824181449,221.97965212180424,-6267.728252821079,-6453.5783704350615,-6499.403662147732,-6482.359083004333,very_high
ENTl,908,17,18,2340.5,3.9003495196033917,1.175472720666991,2.0,69.56253558758489,446.5558226943734,3136.130749293181,,0.0972930612158279,0.02028087989246125,0.0074668646289074,,123.6275815306621,0.7303920251813807,108.78382792647953,138.57261032206074,-6323.416440443187,-6423.711329775996,-6452.237558775398,-6426.673928950351,very_high
SSs,782,15,15,2564.5,4.273682074863224,1.1383836264886456,2.0,29.86235809107155,1135.9680898845638,2553.7079279581453,3168.396145370587,0.10465268425249595,0.0238731351794795,0.01802321746411865,0.0112892580168911,254.05576518525083,0.8011804894443311,207.92353416388914,297.29289893486714,-6219.5655406885235,-6435.262471246872,-6452.638301614241,-6439.582961636907,very_high
PRNr,776,23,23,1773.0,2.954698075442666,0.9771968106064284,2.0,239.3094228232425,2323.9893394289675,3514.2752006418177,3333.1252463110127,0.0730195062556048,0.0372342896414112,0.023031024234326847,0.0096110136426566,956.5514401382884,0.848319159991821,868.8082831493348,1036.6403411933334,-5870.66872021794,-6134.1081554972825,-6186.5645513794025,-6134.608213805776,very_high
void,704,91,96,2367.5,4.152085983948495,1.0420738377286791,2.0,93.53271575232931,1353.8867772871308,2968.1935857692933,,0.10490885064896291,0.0580576107488984,0.0289406397940496,,686.5491015552577,0.8501715106660758,607.5222996504299,748.2785229655346,-5780.8820309525945,-6123.690025636112,-6311.276582380271,-6291.977848550006,very_high
PAR,694,9,9,2743.5,4.993679788003565,1.3577573408308479,2.0,21.626113072388772,329.0262321773614,3201.070465805516,2978.0677956277495,0.1875621662156557,0.02331804076974215,0.0130446843662103,0.0043598683281876,47.5910641328216,0.7445429841161165,37.63598685294639,55.56819988995167,-6345.609995369434,-6440.962758190975,-6444.405628034257,-6401.243712219343,very_high
RT,679,23,23,6026.0,12.30850124136754,0.956621472157859,2.0,42.02606389177217,859.9028632327747,2266.4921233940654,2989.909744939472,0.0947898937229521,0.0314190651707298,0.0238813202711022,0.0368816574414571,357.5471807754788,0.8458295550801234,287.63955293387664,411.7701780764168,-6078.705633255977,-6395.901383466311,-6437.294384970421,-6461.089821949399,very_high
RSPv,626,29,32,4515.0,7.6567924682066355,1.1102853968288229,2.0,29.886649299082656,745.5292498165004,2618.011060432953,2918.595284340718,0.12726701904311044,0.0229076646149294,0.0098843073115772,0.0376827403283192,133.272194032353,0.7730757807124222,104.1377277822258,160.61372338450218,-6271.331465715366,-6470.2055734248115,-6473.604657868193,-6437.790837404531,very_high
AON,624,15,15,3058.5,5.116820612343967,1.0986063030461288,2.0,35.16871990558861,919.8778901587664,2718.7538107983423,,0.15621254744933638,0.017362868563201,0.0122784596980809,,104.45675536262236,0.7450538352812305,89.77870155047395,121.00794379710112,-6206.199400805985,-6392.40626420801,-6424.921516487835,-6359.716805561038,very_high
CUL4 5,573,28,30,4229.0,7.082574782946895,0.9723087654674172,2.0,138.85693560182207,1788.8035340662618,3158.1697991531155,2912.4499688849514,0.0743213616056346,0.0303692880645249,0.022817784106257302,0.0441045845106112,1003.0663237858286,0.8320783520517605,839.7528923191667,1116.8869415253616,-6120.192924204844,-6373.193915976276,-6438.876725760754,-6426.907219607874,very_high
IC,543,24,25,2486.0,4.439551798884953,1.1293241036540074,2.0,69.91634552117138,1691.1780160196872,4113.016707271276,4628.784261486744,0.0746923361971157,0.0206247372956517,0.0187025817303801,0.147611035787804,487.1133025710109,0.7513710725162587,398.64289170444187,576.609525052755,-6217.339809734552,-6396.8991197984205,-6396.981676550877,-6383.281546521329,very_high
SIM,517,19,19,4684.0,7.96413951227102,0.9312134775184572,2.0,153.95645262777433,1643.3630648853712,3216.2362497861736,,0.0793857286513786,0.04080135365979695,0.026683098052182552,,894.086734858725,0.8729436275334492,793.0916272991615,981.6921121996518,-5950.179488059185,-6337.912549802281,-6415.983981650108,-6460.19207041634,very_high
LSr,517,23,23,2603.0,4.613092961501546,1.1083251245581232,2.0,37.93945931674922,853.6981193088504,3164.9001126501225,,0.0991592714284714,0.015862404273944,0.0072218241886260505,,121.64895238312263,0.658809182624479,93.7823397204688,148.97382076103997,-6349.149374675315,-6458.653783469856,-6506.046754062905,-6482.138552285449,very_high
PAG,501,38,40,2830.0,4.71625272335488,0.985366969605316,2.0,169.1418414270943,1818.4849746694276,3136.571540361367,,0.0641823079083593,0.025021676375227953,0.02219899445262155,,801.2202568032881,0.7986323304304421,706.6771161314808,908.8892866182988,-6140.686045074998,-6399.382726994172,-6439.9351648863885,-6447.320922186838,very_high
COPY,500,15,17,2931.5,4.885289606782148,0.9626880380944252,2.0,189.87336452861814,1621.3564599662598,2224.2962344120315,5784.797619961284,0.07953436299966266,0.047848332155133205,0.04416038829739865,0.0565400701635979,1057.3412664343462,0.9056036098326434,934.067563203748,1143.7292911160644,-5932.027647252991,-6254.869675146168,-6334.545678416492,-6307.8248851160015,very_high
LD,493,24,24,4672.0,11.1506340913477,0.9475135443504676,2.0,40.38315330480291,1137.0783028772596,3125.599554492231,,0.094681271531777,0.0201828616105698,0.0172718196577959,,307.93268964228434,0.7728140056518312,245.7732966158979,369.6247074279776,-6045.923673680917,-6222.531988131474,-6208.338844436078,-6273.360442383644,high
MD,492,22,22,3426.5,8.735016693932245,1.0009023939492505,2.0,33.206688902326135,895.3613504848556,3256.269666679644,,0.14304318995200832,0.01813802526501565,0.0113896162846953,,130.0173034246721,0.7428303148382203,102.92437040823289,154.86995695219605,-6084.287116603166,-6185.289304828578,-6202.740974254831,-6170.701558682749,high
PRE,492,10,10,3382.5,5.636899039284572,1.1598431260712365,2.0,47.00840322748074,689.9762442745155,1847.1592108966224,4479.067110868953,0.1147799392717329,0.0243016777052527,0.0095016741441055,0.0284743532893402,125.20321551549392,0.7926236243355516,99.24719301550253,144.68197659720715,-6363.051351695839,-6441.284862296854,-6492.406457600336,-6423.375485513492,high
ORBvl,471,8,8,3145.0,5.550978411202134,0.9194698103917114,2.0,202.81781082712047,2031.9806355816745,2726.305692950981,,0.0599223053422519,0.0227554126787538,0.01526868820050435,,722.0008230381246,0.7876214095015303,645.9968825360662,799.4279366017741,-6106.318111118989,-6329.715441087725,-6342.383893990396,-6287.304231246882,high
PRM,455,16,18,6557.0,10.92696698620053,0.9948707788548858,2.0,83.30496046071343,1123.9343135278082,1877.8824433928528,,0.0954561012794614,0.04320694524812635,0.02491752886234725,,611.8665611196737,0.8941933834656401,536.2653667423916,668.3688069110532,-6013.632233897349,-6405.606505534288,-6426.897124267634,-6455.038633290167,high
VPL,449,19,20,4064.0,8.349209682716527,0.9712967318723392,2.0,63.72770298490397,1239.0435551986097,3186.7023757912316,,0.0725382325541061,0.02477071657127325,0.01865903129610735,,481.11191911143857,0.7767880916805241,364.6848164774529,567.5993776763202,-6135.916040498543,-6399.826816972596,-6431.515215311414,-6438.995180304732,high
VISam,435,21,22,2360.0,4.307873740875516,1.1102426679873003,2.0,42.31920156672518,880.0374882346225,2732.071955944952,,0.0989664149740795,0.0241151989766325,0.0114316884563745,,314.7981260982313,0.7821950621841973,255.28151513102085,368.2495392305055,-6153.153990067948,-6362.068197248545,-6393.363325827272,-6344.440555261577,high
MV,431,23,23,2378.0,3.9628556347222137,1.0159836975942194,2.0,90.76476457280668,1905.154950388083,2821.2229689900278,4948.441861863227,0.1382775629264324,0.036310821812909,0.0628321499257187,0.100690884541046,677.1198208813328,0.8325457730145168,576.3387074338056,746.4577607247561,-6084.531593589388,-6196.584297459551,-6233.9069018580185,-6212.289600867452,high
SSp-ul,412,15,15,2289.0,3.814640178462255,1.1998492929728601,2.0,20.85275587390553,680.7677444449505,2756.361175211931,,0.16616512625634872,0.028731889797315,0.0155554851776689,,198.51025273658632,0.8072834541741252,152.96306905032998,242.27040772979836,-6251.415551222828,-6410.273268497158,-6412.389625842926,-6334.065921706449,high
ZI,392,39,39,2930.5,6.276097899907364,0.9769843226022428,2.0,195.0136419623205,1918.6700073744976,2782.9902965397496,,0.0573630545028158,0.0286517067809949,0.0185778152074146,,747.6476524386619,0.8106387105139596,690.143949655398,830.259827822129,-6091.38730866701,-6239.790594312747,-6421.745904503041,-6439.39188423279,high
ACB,386,22,22,1787.0,3.237933064177577,1.1498533761570973,2.0,44.52905571975562,1062.866204750419,3113.143746449912,5747.332011661178,0.1272222713483687,0.025048180428312597,0.0147644002393696,0.0380329801182743,219.65240663942086,0.7962761806164032,172.65381531723617,264.340985703956,-6134.554540521358,-6323.664751975299,-6365.7248758255955,-6342.533896732536,high
RSPd,368,30,32,4370.0,7.6574055997016455,1.128936299661449,2.0,24.762104974092082,955.7732913572768,2939.7277567676238,2708.198920887497,0.14537077015395944,0.0208640120677575,0.0132609715329996,0.0263432174945914,117.75266156911701,0.752452650827911,99.23047555215223,152.6882089675854,-6242.491378244838,-6468.398982582113,-6484.941385988814,-6429.37531395467,high
ORBl,357,8,8,2125.0,3.5412997499781693,1.203352400299756,2.0,32.462271483808685,634.3894696293225,3715.680512875164,,0.1595670312732826,0.0180278400001114,0.0138150014047588,,91.69973132005327,0.7373747353950928,73.4115963977679,105.30300915239384,-6218.800706535029,-6378.166319639629,-6393.814028532908,-6341.7509386468755,high
LGd,353,23,23,4261.0,9.885790208959635,0.9795225382485426,2.0,55.95563033051932,775.411877724491,2478.0141416360666,3343.972876341936,0.0956246120396129,0.02633228928545655,0.0112599830191281,0.009441478519914,254.10569999281367,0.7666827167864636,206.9323434442932,301.60530434088173,-6071.2599988074,-6245.88560774843,-6227.850489499667,-6270.224520611892,high
SSp-tr,350,14,14,1971.0,4.561081769541138,1.143869504260466,2.0,34.83560325216901,718.2576766485244,2262.819492086665,,0.1388654962903333,0.0233209113911614,0.0108672474537639,,192.77705914750163,0.7824337635814266,158.80118855349835,233.4129954457658,-6016.574885188689,-6206.891400980033,-6198.545661905635,-6113.985641896584,high
VAL,349,11,11,5461.0,9.420509624736424,0.9811515999133764,2.0,26.95384619054333,491.0226401504072,3899.157927566285,,0.145736563717878,0.0239692539239639,0.013205172858195,,181.6765267114474,0.8108950176740217,151.3905985817033,218.02530906344668,-6208.837210035427,-6433.073765490352,-6474.853381269664,-6436.809552041571,high
POST,349,20,20,3492.0,6.482733376872599,1.0761238572969796,2.0,80.79859978563027,1373.898272258918,2747.749829237575,,0.0992533776166504,0.02547436935549075,0.0145472118522915,,283.6102314158227,0.8090854119264121,236.23552941144104,319.9833254283653,-6199.804361667945,-6352.310719789452,-6384.733356834982,-6353.505583390181,high
COAp,347,18,18,1169.0,2.506139127285033,1.240494826696258,2.0,38.02278789516819,570.3908675350739,2807.182447069347,,0.1515982534133406,0.0218482673494069,0.0112703784299358,,124.0561912139286,0.8033490899402034,108.21483932130056,143.2985804454,-6079.431361651434,-6336.943750475806,-6350.763740186707,-6159.740484499563,high
EPd,346,12,12,1796.5,2.993841036594965,1.1898902870846166,2.0,31.04964698070784,763.5010792425992,2670.953711074157,,0.185721847907511,0.0141115214191231,0.01020802088910655,,77.90806316728293,0.7726495634229836,64.4165720802527,88.74947662774366,-6333.274465036908,-6452.103177397202,-6452.711498672133,-6399.460684894766,high
SCs,343,23,24,3331.0,5.805944540785529,1.0970443398505778,2.0,52.41184227027932,619.2907592682475,3303.951806803425,3222.073830722288,0.0753358489463681,0.0245875516132585,0.0085970715770173,0.0060562036652644,327.274624417876,0.7492395423134284,270.3471658772426,400.4877706341932,-6296.410590918448,-6487.234480962383,-6541.017388966061,-6530.983300422122,high
ANcr2,343,12,14,8452.0,14.084922650618058,0.9714840112552752,2.0,48.9404049256011,1033.5401761448716,2693.163132181808,,0.0988708874531375,0.034836776699352,0.019273697909412947,,494.73796134124433,0.8769225133309203,394.5808735143336,579.4347201228119,-6016.129298226371,-6418.229375969613,-6479.125968560878,-6468.364155687647,high
SSp-ll,342,10,10,1540.0,2.888898666323147,1.1174702844461215,2.0,37.698212231236155,1564.8808008740507,2399.062577289385,,0.0706628157543277,0.0246947527815537,0.01899732325675065,,607.1766533615428,0.7574443407982856,454.60987752662743,727.0539433840388,-6131.955512240148,-6278.36937997842,-6311.7359909956585,-6245.293040767927,high
ProS,330,26,26,3511.5,6.2136163376733,1.1269451341506298,2.0,21.25884189011211,342.26785591674303,2251.61793268597,,0.17084060371615828,0.0251432794051309,0.0085020110599901,,79.1319684327259,0.7426604782278821,60.372780206230495,96.88217868386758,-6352.643789611006,-6483.894007216817,-6506.886218758526,-6545.210600216436,high
PPN,329,16,16,1950.0,3.249709539382979,0.9962146906350486,2.0,231.1737986819284,2401.0090928276463,3052.5244825133223,4909.898040206904,0.0650132723371998,0.0298058571898041,0.0347873648373045,0.0750941515854885,968.6666294598938,0.7959406755819022,835.0891907679434,1063.199546841107,-5950.965505097486,-6222.66970733674,-6362.389379294453,-6007.620145436399,high
VISpm,325,13,14,1753.0,3.258121755840275,1.0889031617122515,2.0,87.75650779220152,1564.4290604144849,2790.535601002588,,0.0825178545628235,0.023378326938488347,0.0125350622760725,,436.97785346714846,0.7728480088990366,351.18497669215685,508.5121178637512,-6117.079890755648,-6304.272975290832,-6396.496444494409,-6209.577751769121,high
NTS,324,18,18,775.5,1.2923902605632889,1.1787586410631645,2.0,150.90010891625644,1322.783894538513,2752.7272465401174,,0.10240217910523415,0.0450827592480366,0.03198237476337055,,649.9482040695875,0.8768825281356747,579.7085260921331,726.8401262881644,-5756.202678065655,-6071.009932798602,-6038.102519031278,-6010.262368081712,high
CENT3,321,27,28,5508.0,9.630471532510024,0.8859623260329413,2.0,156.668886066179,2287.250105816244,2958.747925794855,,0.062994654237055,0.0279884290578373,0.04455689393016135,,1217.438193544472,0.8219704369325463,1078.1351798881658,1347.4251781416074,-6188.470092180247,-6466.995873087803,-6487.173371391458,-6443.489879953404,high
PARN,320,19,19,1455.5,2.4255927025376547,1.0229107260585693,2.0,169.32312982962645,1615.7614384377914,2978.815246618582,3545.7694318508384,0.07612856625102585,0.0416227557499349,0.02760186371975,0.010121883312353148,839.3251972110598,0.8653752264795057,732.7086789570183,904.7730457753378,-5908.952671571279,-6140.812927571888,-6120.800606517755,-6276.667579849274,high
PB,312,25,26,2084.5,3.473733829764009,0.9923055848220648,2.0,217.33965311606443,1791.5965281568297,2663.276960664195,,0.07420199013378545,0.027504379264823,0.03091163100533135,,861.98610079841,0.8305077113916366,795.539012410936,937.8914901014059,-5979.303570745993,-6247.411280826637,-6309.329269122984,-6245.70799557745,high
MG,302,13,13,4041.0,8.196499141956878,0.953527676825429,2.0,83.27466858596621,1032.507584408917,3588.839311940678,,0.08389644382145744,0.02166647331616025,0.0106022660376083,,325.0115981047419,0.8085990094348539,270.0217594926721,367.30073723428063,-6162.918849863752,-6371.531811156905,-6435.956855000139,-6420.697936233013,high
V,299,9,9,1843.0,3.071284498948601,1.0365483659927397,2.0,217.67120956904824,2249.8896516531654,2930.2960466598624,621.2719674290969,0.065045693022288,0.0452429159660511,0.0425558911694993,0.1340547185454302,1269.6529043846267,0.8890225067755589,1154.4640009009822,1469.330347136428,-6014.094755600612,-6174.023795127822,-6208.758649106368,-6100.60394435684,high
AUDp,298,5,5,2850.0,4.749361861273317,1.1675436461147042,2.0,51.073614043462996,593.6116888685875,3735.4754282484314,,0.0917097600380092,0.0168511211102823,0.010186396826751199,,201.08841887074587,0.7741351086400297,164.3869845563422,238.6550173188852,-6325.803157112392,-6477.606955741217,-6500.637537425533,-6492.967758877885,high
PRNc,289,11,11,1771.0,2.9513687071416106,0.9911774304444658,2.0,321.213982775209,1949.847064745414,3567.960644410966,,0.0679325468614732,0.0363873915123961,0.0161383045035841,,906.6304246465228,0.8339494508933538,837.0821804497497,972.5490621811908,-6000.713374804386,-6219.085021178467,-6239.835024093676,-6162.608274906307,high
SSp-n,288,9,9,1802.5,3.0038343782648624,1.3899907952139297,2.0,18.968714414675,398.889214205758,2442.3980260007543,5188.921872699666,0.2303610216973667,0.025958157626735548,0.0137177848002442,0.0029759038357264,67.95743574253238,0.8200374643706771,53.385279513820365,81.50852466087025,-6241.873924999656,-6402.650858709544,-6393.520184744364,-6327.798032056686,high
UVU,287,10,11,868.0,1.4465270899865614,1.219648860470076,1.0,153.13959415917952,1146.144954310092,2559.915509216281,5137.961493377151,0.0746336113339609,0.052065185988790647,0.02323285247132865,0.0250532174023775,321.111108037558,0.8231512559953378,240.09030243027024,392.93287581668255,-6250.988258224471,-6331.202601189291,-6339.287879838125,-6150.741215919162,high
Eth,283,18,18,3260.0,6.242729926442592,0.9937361034847578,2.0,54.594080989509,849.775223556384,3340.97202778982,,0.0790637716914007,0.0211496225515511,0.0103394862531261,,292.5974384857498,0.7622652648245773,244.65206562446963,349.4528520808587,-6181.911850594045,-6448.166442634321,-6430.437654542657,-6493.463880093773,high
MDRN,283,7,8,1167.0,1.9447553083867235,1.104013835175422,2.0,169.76318022647368,1550.011465584983,2780.4001358011215,,0.0969288168019118,0.0349468750069464,0.0205861002508507,,481.7709336397016,0.863368972995175,436.2139647016229,536.0637630747609,-5888.922150917878,-6158.074921104972,-6185.125319393965,-6125.450799097475,high
CENT2,276,15,17,5870.0,9.78205740894473,0.7388869201005187,2.0,236.8813902381721,3138.020306812249,4084.9181113187215,,0.06951959457119644,0.0303692377185765,0.0401997770042158,,1559.5393144788893,0.8535966938172722,1393.096282760399,1745.1781006871747,-6070.227663662867,-6384.306459476565,-6472.696074026297,-6526.403013827592,high
IP,268,27,29,5442.0,9.448839084986048,0.7560580825998944,2.0,149.462273006641,1913.1116938186674,3315.8030313121612,2727.5352086289195,0.0967463041871417,0.03388849367602965,0.02494389708775155,0.1878892301533555,921.3041773994012,0.8881282056189689,826.1966718362075,1034.1607696745814,-5991.431988940806,-6269.80539283118,-6319.877500350686,-6316.074987552009,high
SPVO,267,7,7,1223.0,2.0381329560433072,1.224862512108147,2.0,83.67177282843032,1912.041893025234,4330.612675207224,,0.0760464278010795,0.0362336250772209,0.0450537005829584,,972.4769256852215,0.8211641136434392,830.3730397884013,1088.8690275460683,-5843.982880402481,-6163.364940027008,-6196.1119555707755,-6093.763651925383,high
BLA,266,15,15,2232.5,4.031220894815324,1.1400177327809808,2.0,34.282589707309334,627.729508091347,2657.151352694147,3745.400649248288,0.13106747233545346,0.0175889589347715,0.0105486717052714,0.052775888364036,121.78743330675272,0.7214315603381356,95.51471114693507,140.02765371682014,-6257.479980907756,-6424.98999022677,-6462.498331084367,-6433.875290179269,high
AId,252,11,11,2261.0,3.7678478737894574,1.033714255508232,2.0,58.71817595995546,1259.8345683822981,2546.747157368207,,0.07105418965328925,0.0182302773730804,0.0120283573538934,,324.14992084520236,0.73689069915608,263.1016416420902,371.86808642908863,-6313.504322435001,-6443.007370846795,-6494.16849160356,-6508.193635361853,high
POL,252,16,17,3285.5,5.623606522617643,1.089727305421106,2.0,45.50711285754291,1391.4389118848167,2752.12490620445,,0.11367099426593415,0.02225856199171565,0.01334167896565145,,282.3509013254835,0.823086522717465,226.9450591878297,347.77519301815914,-6194.081550728106,-6430.672503344693,-6441.787269805282,-6472.877636546446,high
RSPagl,250,25,27,3336.5,6.319314336948816,1.0823897520453651,2.0,50.916806417099785,1004.1625715537988,3538.6161747987253,,0.07544138146202489,0.0230228326419535,0.016210120749897,,328.7748082171322,0.7338026822987626,271.0552915010096,375.51863204263685,-6141.95259088267,-6403.323675949008,-6478.494283355007,-6460.218020523347,high
AV,245,11,11,5552.0,11.19612669460171,1.0046379019713385,2.0,92.58700568955416,1901.698641388772,3064.7078711138365,4504.200944510201,0.07293240856363,0.0128650443053521,0.01181683133620905,0.0266012360820417,294.92803989656267,0.7470309581547422,240.55418961559943,331.66241428049256,-6374.04299869641,-6541.398211114894,-6567.084635750304,-6606.047458682374,high
RN,242,20,20,2036.0,3.7303023429122715,0.8745117067598032,2.0,298.63416072274777,1841.9654145391269,3242.1965860824566,,0.08287624403790389,0.0489014402896805,0.05864731754082525,,1240.3441630958232,0.8845585874729878,1050.2430501292015,1396.9335477544137,-5779.701505315681,-6086.083022523665,-6030.12479044789,-5942.678136395438,high
ORBm,241,8,9,3711.0,6.196077750631719,1.0673595040392647,2.0,48.61177900085072,858.737000669654,3658.1967104547657,,0.0844613615856736,0.0188082577790702,0.00961665130476195,,237.4910114168933,0.7105601073123379,188.5488439041916,268.38543773336966,-6216.20430228128,-6442.348564608352,-6463.262387875508,-6402.677665053268,high
VII,235,6,6,931.0,1.5515093423921231,1.2574712441016782,2.0,154.17821991774997,2636.448763721065,2956.9239731626503,,0.0607331961660081,0.0298624722074391,0.04385941540940115,,1138.7487209069188,0.805574513790551,925.6190953735714,1296.508520816935,-5908.514550104668,-6131.540312947039,-6148.7542124281135,-6128.850958889748,high
PL,234,16,18,2832.5,5.068583889032238,0.9393871318147302,2.0,196.14650740135363,2644.0150128857085,3247.128451437017,4571.070131635262,0.05610657680321015,0.0178845039042727,0.026467169703714,0.0104968872100325,788.0252116400941,0.76695234340064,691.9361921937846,886.8574977884768,-6150.086955046356,-6373.802118191975,-6394.192019558495,-6353.68026247771,high
PoT,225,17,17,2865.0,5.032678118544197,1.0673717279500925,2.0,44.68737232380417,688.3929418891126,3324.670884994703,,0.0833737960905019,0.023201242002415752,0.0086179478225951,,258.6254578956965,0.7487849877129065,217.4152895754148,303.65014294258464,-6340.312963155899,-6497.046475660269,-6524.576788458116,-6533.049658372383,high
TRN,219,8,8,2365.0,3.941303006241807,0.966495251994979,2.0,203.2123914545782,1703.6161396755508,3641.002920840013,,0.0722171772698631,0.046147317613105,0.02821654917316795,,993.2084003672716,0.8954908438748217,925.3364154594706,1092.890149873156,-5981.343664817539,-6232.598037543672,-6318.852206387575,-6330.392852431194,high
MEA,215,12,12,1594.0,3.4912388368682423,1.122434700191476,2.0,39.58581378050444,1539.6512588924186,3565.6667076865247,,0.1306715207908741,0.0200973131236082,0.0192276605072211,,258.37035864031816,0.7471936069829093,204.0983090925461,299.4009033017062,-6042.823724729682,-6201.493631402199,-6225.074082167601,-6267.275851048214,high
AUDd,211,9,9,3303.0,5.504496385998048,1.1235066290558513,2.0,45.33156148517411,1056.4173417078573,3213.534244840645,,0.0927199749194414,0.017619742794419697,0.014489537090998,,271.3094731690882,0.7720743244003898,227.41354425974845,319.9288742206752,-6250.236947208923,-6484.454588150436,-6508.859186586657,-6458.943101738627,high
BMA,203,15,15,1763.0,3.72953551008809,1.1755593746048056,2.0,33.9396978922163,614.2035326341397,3307.14320786349,,0.1677641593816508,0.0165848539581442,0.0066406465706901,,88.3252128387218,0.7484432446075626,65.6318078099701,105.83831131640984,-6111.481457571619,-6239.940373484313,-6247.813698298147,-6407.928545656172,high
LHA,201,16,16,2724.0,5.947807332236965,1.0244563978158263,2.0,109.91350237041756,1232.8048253930544,2024.7277622046647,,0.1218024397068862,0.0277701661009974,0.022380159543960852,,266.0499450601459,0.8350907705427588,236.434703431966,277.89675255202286,-5976.131303021056,-6191.1905403136325,-6318.583112668011,-6189.126423353389,high
VISl,193,12,13,2474.0,4.211156697545823,1.16212682336504,2.0,31.184530260300864,436.94881874307646,2866.8535172665347,,0.11064021834984,0.02684194254492845,0.0088836345953475,,157.4581550032978,0.7921301842269552,118.84520049070086,188.99069682325631,-6272.805805799015,-6455.716131711324,-6497.347970589424,-6512.156747213883,medium
SPIV,185,16,16,1690.0,2.847988285068576,0.8504409763503781,2.0,195.04437037453712,2207.7843296040005,2792.7875811413664,1448.812755148895,0.0929069959099586,0.0384124264568937,0.0205960831203722,0.0475061846879738,1122.063255528434,0.88212821578997,972.0044107475884,1241.3497732993137,-5697.352685756978,-6027.867288143495,-6169.787178539483,-6313.733116926348,medium
GPe,183,12,12,5575.0,11.773847042574792,0.8492954567689026,2.0,46.11882408396631,738.1870647622733,2703.007744657818,4812.926079759472,0.0985997801526581,0.0284009660688382,0.0205142888833904,0.03976897260926835,331.1440044401037,0.8026543483627463,261.8318044323853,446.4305786868212,-6036.416562586264,-6315.230033857014,-6440.303601386202,-6458.996555297988,medium
EPv,182,12,12,890.0,1.764772474292383,1.2778894355067911,2.0,25.859261697023218,847.0877793029699,2327.7344822600244,,0.18016173484207165,0.0133115380888501,0.0076387063634279,,78.64457692734732,0.7308619259422913,64.28714880362944,92.72733221292839,-6202.548825043386,-6361.603144401486,-6386.712641525341,-6343.28639089792,medium
CEA,178,13,13,810.5,2.0096780148740625,1.233133484534791,2.0,37.900435514961906,830.3508654724374,1557.1969412202095,,0.11831826516433525,0.026689497456200452,0.0234362806515602,,190.3059892170445,0.7314419716557584,146.52875467225448,221.20672842947852,-6004.525043936461,-6139.440674196871,-6207.534953669008,-6073.266497731758,medium
ILA,176,11,12,2574.0,4.289455677109672,1.0202500513607355,2.0,67.27251439369338,1689.4825131142177,4576.570387076245,,0.0721970752296662,0.013878885082540749,0.0083555939791986,,378.4826604729573,0.7073003179734791,315.23900718842344,442.7177548040304,-6250.437795025515,-6458.164598809735,-6523.692954531675,-6526.162723706604,medium
PSV,174,7,8,925.5,1.643190291681006,1.2602474257796412,2.0,77.36728564145446,2519.1129107887955,4244.659131959863,,0.09423576660005835,0.0412400662039063,0.02383569704448775,,772.597341328971,0.764004812586304,650.518436434267,949.5062780440373,-5686.04631636083,-5930.811794696829,-5919.15588060842,-5632.719579867768,medium
ANcr1,174,10,10,3772.0,6.2858803084729455,0.9434304783572887,2.0,227.49825351320533,2666.0285014342626,2794.784697305408,,0.06708676366967485,0.0346998849894254,0.0351186281200137,,1323.6819959614018,0.8604647060420374,1152.4025031836773,1436.814227760594,-5908.684885821996,-6236.951899114545,-6211.492713535484,-6226.3410468286,medium
OT,171,14,14,2865.0,5.095973963864253,1.1378698734080543,2.0,35.941942782651346,1134.486186221157,2855.0949158769276,,0.1931011463998111,0.016427551934449898,0.015177692126404949,,98.80307380109667,0.779026108496668,81.83284775303005,110.25930535680553,-6144.812970483997,-6308.858809700137,-6274.9294183672055,-6157.559478797903,medium
VISpor,163,6,8,2647.0,4.411119495146413,1.109088140420543,2.0,107.0485446508243,546.2735092733212,2065.2163523368754,,0.0881794890515479,0.0238255337640315,0.011448451521231,,162.32100510965336,0.7663194828666015,147.05452230622987,181.1198533302097,-6335.645762443051,-6422.656050993894,-6416.317900500021,-6472.193688112071,medium
NLL,162,7,7,1663.5,2.805496589649479,0.8955325928638137,2.0,199.272281078252,1956.086286104257,2813.335003673383,,0.08718050676604455,0.06832332236726045,0.0355737882276247,,1143.527530640797,0.9003241814671233,1030.5874468122308,1287.0829731552508,-5640.728826329686,-5928.179422547651,-5919.563095030271,-5838.4740384779925,medium
CS,161,9,9,3058.0,5.09621937385839,0.9662578417115276,2.0,180.26102333004508,2375.982380626654,4151.94190914193,,0.0665833760948763,0.03214205532115235,0.0238769377068622,,759.8327107722862,0.8520182322572863,663.3617435830063,854.6656622400766,-6040.114404360046,-6321.311372996375,-6271.316341440129,-6257.289052786279,medium
TEa,154,9,9,2248.5,3.747072554546154,1.111109876038035,2.0,67.13681318211202,1064.7721687493956,2964.6167185468166,,0.08166181854168295,0.016709619416959,0.00780112776723305,,279.93388387673474,0.7207822130979233,229.84866879573258,321.37807854840304,-6299.2395399861125,-6478.373096519052,-6490.07040055756,-6478.661618237076,medium
SMT,149,5,5,2900.0,7.789257494203749,1.0586840826872594,2.0,35.835611376584765,437.737820212988,3552.4693548768446,5843.956826815084,0.1402476054676406,0.028824332058523153,0.0076371552959718,0.0159064600408053,99.71701464177195,0.750719967300977,80.18147647513428,121.73222144909036,-6087.021243976958,-6302.7657902735145,-6437.360203255444,-6146.298670157384,medium
DCO,148,15,15,4683.0,7.804025493313845,0.8909713045874238,2.0,188.9960235643763,1643.1063234087928,2660.2613664603477,,0.1086203765139902,0.040165526882426195,0.03553508614985275,,806.9806187435031,0.8595233330618983,716.6056740410138,881.4518643665751,-5802.358333566881,-6250.623931171376,-6347.878106138903,-6348.331461732301,medium
BST,146,12,12,6524.5,10.872766425797618,0.984735243349063,2.0,45.3248282079315,669.842717112334,3275.263220598023,,0.1183574972152251,0.014362952350504499,0.01207648130653355,,111.13301264321886,0.7587619086404218,96.37512876766635,131.23707609086858,-6372.85617930789,-6491.061548823573,-6481.676111901305,-6512.137654108788,medium
SI,146,23,23,3144.5,5.280369180505549,1.0966385115788149,2.0,42.635792405562896,883.8700873375716,3764.582239505023,5440.007370560516,0.13970988569334014,0.01617264514692155,0.01209560207414645,0.0243826853943092,145.7317905563453,0.7693683615517183,112.91039907260645,180.32111091862882,-6165.813824358754,-6383.979517418227,-6449.897742326047,-6425.877751512531,medium
ACAd,145,18,18,2383.0,4.31465581845692,0.9568721664149268,2.0,164.05717394273347,1818.077613938113,4208.443088818675,,0.052122036909372,0.01895201363503625,0.0133823372937326,,559.5987833997248,0.7576583879895752,487.9818072323274,623.2896297799364,-6199.40988322688,-6343.250849657441,-6427.404097710896,-6412.129254185247,medium
LA,144,8,8,2152.0,4.9761284057866195,1.1277560339688733,2.0,44.813388977063866,753.2986012138988,3395.0674107530695,,0.15771656117607014,0.015982558229605648,0.0076545729772329,,69.79282975719619,0.747697412816514,59.089759960481246,82.60315481407304,-6331.557160141194,-6419.270754072573,-6399.3821550482335,-6445.296028142929,medium
XII,143,2,2,868.0,1.4465290058594198,1.369874367585186,2.0,32.54913216833337,441.9414094807914,1980.098983307149,,0.1036054949633249,0.0408597650051398,0.0173234555684618,,313.13102266648383,0.8462234076613792,260.09820298998943,417.3738095458994,-5981.10773233043,-6204.674639540031,-6208.380145853616,-6198.283887616695,medium
AIv,140,8,8,2253.5,3.7553397175165646,1.1096021689346027,2.0,56.21836996250761,1380.894290963545,3334.2556839594336,,0.07733200454750015,0.0151770626427018,0.00874370809056055,,334.07182652259644,0.695090269509529,282.3432939970294,390.7531968736082,-6211.103622181785,-6402.651576629446,-6479.867647544959,-6542.619555339877,medium
DP,139,12,14,3360.0,5.60096437004485,1.0203706821934266,2.0,48.4002800311763,912.7952379188744,3123.702827007417,5626.1974066147095,0.0783683138792684,0.0167532977110188,0.0124409653726471,0.0052935181435782,270.4102612292079,0.6889350855705834,220.14459468690603,327.563833933348,-6270.248405584064,-6420.143168159786,-6450.4190470132135,-6369.80219967188,medium
ACAv,138,10,10,3160.0,5.960863594534262,1.0023134348010043,2.0,78.22584693002798,852.7594860621095,2662.7593124716404,,0.07666178708468245,0.020541039010975,0.0094296981777671,,237.03568696946454,0.7629736804894793,199.83678372595364,283.6638218783044,-6226.457109630879,-6426.492265926591,-6494.90754194979,-6487.212629637194,medium
VISrl,137,7,7,1394.0,4.6093142540175815,1.1577459431790922,2.0,38.26697022118882,1105.1999952783628,3457.0604383592236,,0.1324198592103166,0.025612830094308398,0.008951889671668701,,231.85612077789665,0.7419904609374959,190.46452849523,272.4531792526073,-5924.484917612059,-6044.838980698959,-6083.3746735780405,-6010.399474278345,medium
SF,136,11,11,4167.5,8.70798775874307,1.055024569766457,2.0,42.36055760230216,461.33549437691994,3239.891126392109,,0.10692799280260475,0.02223010743807695,0.0093441940057118,,120.67970394837883,0.7219398762675737,93.99577029995723,139.5852152263617,-6235.961811879195,-6404.257088597716,-6481.027760180579,-6456.180880100162,medium
TTd,134,8,9,4115.0,7.414998580599579,1.0620525293995708,2.0,38.607218249971666,1044.4109724660364,2835.8540206723683,,0.1133789461596551,0.0203043659782079,0.01119923153462355,,194.8360702195651,0.6989063280749487,151.90858650319024,243.02301898491018,-6135.861242391948,-6366.146321294071,-6469.563848884999,-6413.547960180602,medium
AUDv,129,8,8,2430.0,4.049622970642718,0.9885752507283684,2.0,111.08309080146653,1178.914972271586,2852.39829161035,,0.0621678328774943,0.0209215108765348,0.0132275902612656,,512.5162805277932,0.7461738751282984,448.1922873506564,584.1160348103202,-6210.96561266029,-6461.779620695298,-6482.312221533419,-6494.30987848278,medium
MARN,126,5,5,2342.0,3.9028446572338935,0.9765393067196881,2.0,274.98900605951366,2357.3973338920578,2780.6639586100127,,0.057643670290068796,0.0389869534570707,0.0215699049605128,,1197.595480070357,0.8864470978277721,1107.4162964958082,1306.7390363313662,-5912.227637318152,-6240.197696784411,-6299.858164053356,-6315.198286428566,medium
VISli,125,8,9,2113.0,3.5213223921326504,1.0923261803192084,2.0,68.90756720556635,828.795216672237,3309.203621722276,,0.0641931404376289,0.0224674875414452,0.0141423364407527,,316.2104179787157,0.7495509566264714,253.79230798363025,371.1987863956502,-6366.202866808323,-6488.2106350071,-6505.617488213178,-6509.211018150768,medium
SOC,125,8,8,1258.0,2.096482426458288,1.0368875826150954,2.0,133.18977346650752,1472.2324303966786,3057.3907572356966,,0.0579297537805455,0.0800400243304929,0.05922711707205875,,859.0576794988536,0.8433055702369989,758.1227643320656,965.7129585954208,-5930.207921258849,-6111.725671299262,-6259.998092523675,-5887.924600648442,medium
ECT,123,5,5,1178.0,1.963070169018998,1.2428704602178324,2.0,30.61428086742253,632.2527794718636,4037.7561123251867,,0.1446461929771035,0.0135741131557982,0.0062368669684306,,102.84870170815704,0.725226660847952,77.88136321992533,120.00822838035464,-6342.184008790472,-6456.878754017521,-6447.990455673285,-6387.2050310369705,medium
LSc,121,8,8,1929.0,3.886248502885695,1.219493046040672,2.0,22.5230100064011,488.2352911204317,2284.84879146698,,0.1575538197384632,0.0261656593837547,0.00962057597115765,,90.68387004270436,0.7321179967414146,73.27117029222904,109.51635588042438,-6127.376392927492,-6343.950528713583,-6425.217962388506,-6503.464759918182,medium
NOD,121,10,10,3323.0,5.537644270214978,0.8074262799631656,1.0,730.1881014484652,2855.058956443222,5045.069911703203,,0.0775229911449442,0.037124907870954155,0.0444038541646489,,2344.2626920386115,0.8629227794292549,2166.1861680327283,2456.455304274176,-5907.183648361598,-6133.932107432199,-6383.841569245109,-6290.767960206616,medium
SSp-un,121,7,7,1604.0,4.735674283323976,1.1316037923606508,2.0,38.69143679138892,427.23862188478995,3244.6118261444303,,0.1265696107413809,0.03361184133234135,0.0108951316095543,,148.72362384858815,0.754056135285324,122.76671013897388,187.4923283488449,-5944.255902822977,-6044.224692236549,-6050.479950962877,-5958.899004892671,medium
AP,118,1,1,1156.5,1.9272618988653378,1.1957571287033004,2.0,304.28065906242205,2501.2932552978627,2416.605207441972,,0.0653184950143772,0.0400167619800519,0.036698290312672,,1050.017421866059,0.9121946305621136,977.9559280995522,1150.5554513973793,-5798.671129880448,-6126.474280658911,-6103.590087498095,-6085.838887039157,medium
AM,116,10,10,5718.5,10.090977780345277,0.9587663290363864,2.0,72.25141742619755,2106.8799411256987,2742.586793510243,,0.0734195075633122,0.0106098501588121,0.0093595625783462,,248.43724679951129,0.7093037729697169,183.0686188516873,294.05826286735186,-6371.836363116038,-6487.168825206021,-6556.417660340896,-6576.696685485917,medium
GU,115,5,5,2295.0,3.824487298725467,1.231769673696105,2.0,32.30472356511219,1394.4343258087365,3219.065135903026,,0.1001615479786472,0.014212335406013,0.0069352056375931,,161.22797503846715,0.6721414314471535,131.0117988557292,197.532895820639,-6281.903165881518,-6477.181567218239,-6456.874615358167,-6411.12187184937,medium
SUT,114,12,12,1383.5,2.3055503132100386,0.9780474031018992,2.0,247.3894479071716,2117.3431414656134,2617.3861358441504,,0.09849047542971609,0.06896460739702276,0.06386165197330265,,967.38294490185,0.9096186909627597,883.9602540739617,1066.5891129501315,-5717.638593142107,-6018.448434549522,-6006.752466494286,-6000.272492477064,medium
AIp,113,8,8,1988.0,3.313026539171907,1.0533647495569085,2.0,51.47430144956743,1090.3808472189648,2572.337568115053,,0.0828647520904306,0.0173533992824833,0.01088069423235225,,228.33886908602787,0.6999054068481363,194.6545055033136,273.5007177609373,-6243.789521197303,-6436.201247038208,-6425.70738821041,-6589.869022586594,medium
SPVC,112,5,5,825.5,1.3757009670437088,1.2520681581006388,2.0,175.43797485106757,1975.4597261779104,3742.669105851166,,0.07553867434351845,0.02521709938315065,0.01215148291698425,,530.4322756504523,0.7911772831976336,458.47884403975365,592.8938933627373,-5969.068926767146,-6147.786706382857,-6075.400728394029,-6024.236929907304,medium
PAA,112,4,4,1127.5,2.8112356719695746,1.2767924502574277,2.0,21.97636943578089,380.38318437794624,2676.0692289189765,,0.21067207576777644,0.0162418426229867,0.00553319940191065,,52.724420288302234,0.6520555104292598,42.175527422114946,63.077858405005045,-6073.916864523901,-6124.788925691646,-6073.380281941473,-6562.451859791492,medium
PGRN,110,11,11,1095.0,1.8247920103258055,1.0425736840530493,2.0,159.91714992985578,2312.3912460333013,2709.573551914356,,0.07133359845598941,0.0300215221015352,0.0633432318391459,,1084.7510265100377,0.7950819374295461,945.2116051360106,1236.84136864219,-5970.560729491127,-6106.1064145530345,-6062.3349729599795,-5944.973595391273,medium
VPLpc,107,10,10,2761.0,4.8179492715396295,1.0249566151244331,2.0,189.60446962185927,2492.0184851616677,3685.7574185102603,,0.069780525180171,0.0274551450984497,0.02820160763508255,,1039.1798683961836,0.8391400183463912,893.4847790079709,1124.7414260899416,-6078.674293778053,-6326.668908902879,-6345.020577086287,-6314.581933743089,medium
SUV,107,11,11,2379.0,5.547614302936973,0.7329368223466295,2.0,87.93436462072358,2127.785721108641,3823.3606981635503,,0.1616677160530771,0.0452073645846341,0.0220356064589106,,540.6561824327332,0.8830698656065784,445.6742981170402,642.4656648300004,-5574.171349775345,-5979.783184369944,-5994.918458207399,-5842.844443563885,medium
SGN,106,9,9,4579.5,8.404201800913647,0.96458785776866,2.0,57.539007158667076,910.3509571791585,3747.3496724757015,,0.08953347348919705,0.01674573608324875,0.00425689076453985,,230.4885357576219,0.7803100317919693,187.2115502661298,273.33432190889516,-6334.906906903462,-6486.679789132169,-6508.9017183970545,-6503.88812123141,medium
MS,105,3,3,8297.0,13.826594260160975,1.004947494217801,2.0,34.47472667932769,1408.223470397004,2775.1739324913888,,0.1528771671316697,0.0126140603083932,0.0182995890925287,,145.49516689058478,0.796758350745705,127.5793750006147,171.02911726557838,-6192.7524784933685,-6430.653695077157,-6470.1334183484305,-6376.264578540709,medium
MOB,105,3,3,12090.0,20.14804470508244,0.8605509946883194,1.0,33.57396062261618,431.0535817693972,2839.938434998031,,0.1788480321974048,0.0264491869249322,0.01635611689343235,,43.43666267109759,0.7468903524501294,37.47335591919307,47.33988624810725,-6282.458686618811,-6434.392013979912,-6546.682674130599,-6620.357320875426,medium
CU,103,3,4,827.0,1.378159931478852,1.106539364103817,2.0,167.41518475460157,1431.0263689750643,2957.797388885845,,0.0467427921841111,0.031214120701275,0.0162136818461684,,689.8030828635888,0.7975561516122482,604.8077348335447,756.6057928453552,-6152.519436045205,-6257.174780028316,-6272.337515911269,-6279.434151787852,medium
LGv,102,9,9,3935.5,6.5585178906297745,1.0165624247204874,2.0,88.78243148937707,1073.8617976797555,4085.0598626617902,,0.07595080312357425,0.019932355533343653,0.0085993563487199,,412.15436890582885,0.8032849550085679,342.6346742083648,475.9259239124264,-6316.699135705192,-6468.3784478227635,-6517.814150457381,-6428.727989550513,medium
FRP,100,11,11,1429.0,2.3813459741990064,1.1877192770399232,2.0,39.01503560866502,1667.6519386685006,1852.533193645328,,0.09870772500538841,0.0148867476412282,0.0182580332263365,,270.24534250032457,0.7150313964165822,222.0664193109198,319.0661233320833,-6160.281719840948,-6368.55985322865,-6368.978185935477,-6457.233051531044,medium
PA,97,14,14,698.0,1.3548254406859062,1.3152253577175474,2.0,32.77010963460422,707.1380722242823,2656.664785754282,,0.1426033712165709,0.0180185847066333,0.006738188439997701,,101.21450685624696,0.7458520486894713,76.06045339125065,138.77976425179284,-6170.309609770846,-6333.395378818699,-6415.176792043836,-6385.989530426037,medium
NOT,94,17,18,4429.5,7.656728836067867,1.0186525627000735,2.0,86.93176314822915,1283.192912071505,3600.094665061118,,0.0550404355626813,0.0188958502256247,0.011605570244301,,480.72399444300606,0.7522157795547275,399.8047450987914,541.6641580390204,-6338.834640607916,-6517.069497142371,-6518.756081745799,-6464.627232595716,medium
TR,90,8,8,1011.0,1.82231776572495,1.330133902696836,2.0,24.013103771024717,585.4566618664678,3803.529183893541,,0.19653463434925184,0.0165574325591923,0.00494753302730605,,76.66217341830136,0.7649801698505885,60.67225620116955,91.98813166988678,-6204.306639573919,-6376.108823254091,-6353.099407902129,-6360.2624932865365,medium
VM,88,15,15,2554.0,6.176847866770819,1.07945171202022,2.0,37.362474737857525,440.5279987698393,3136.773084457639,,0.10808032460696484,0.020629166218909298,0.0055868327429785,,130.08014103004757,0.7428517419270902,102.69766430436691,156.70482616744096,-6150.301683449265,-6159.33728634802,-6465.367638552655,-6426.967862427954,medium
TRS,88,8,8,4936.0,8.627926750366345,1.0719308617276218,2.0,39.354277301749356,816.7272252061196,3671.348642660289,,0.10593768836626595,0.015094511596424,0.0053220313954,,145.26312803732029,0.728834643361058,116.83083726791963,172.17804959765186,-6363.851908369565,-6518.941082767316,-6536.436920196463,-6522.003603413653,medium
SNr,86,12,12,5878.5,10.064784892735439,0.9090653536160895,2.0,168.16682669826127,2025.5759509088184,2981.239023079719,,0.0767444816147304,0.02691074508564085,0.1361257561919949,,805.1214383076351,0.8661994170483482,759.1877242238174,872.739667549252,-6062.092583835103,-6408.394464125047,-6374.171458404146,-6545.065979955445,medium
ECU,85,5,5,1482.0,2.4697585353244618,1.0415189736610522,2.0,164.109430782471,2549.91559680209,3745.898314539946,,0.0532192325657009,0.031474271965703,0.0263724469307315,,1287.2905618357852,0.816926200156884,1143.7352972411393,1523.7020221827993,-5935.814561484817,-6117.772353500726,-6112.629812098236,-6254.532272403794,medium
VISpl,84,8,9,4162.5,7.22841340913468,1.0730773206511262,2.0,75.4941986137427,514.7506756282539,2215.090614622626,,0.0782134674330795,0.03147874550043005,0.017433347305618,,244.75557954982474,0.7971780237808428,206.3227058231679,276.4214392368244,-6209.3613056196955,-6448.037552153151,-6441.95722419422,-6500.162397947206,medium
DEC,84,7,7,8621.0,14.36673592795754,0.8044643494560799,2.0,288.43447463559556,2564.7856382295986,2501.178418475809,,0.0503127694700541,0.02561442267060305,0.022058534890657,,1219.1004307487638,0.8179331879700955,1023.5474284037739,1401.424105057382,-6199.143044573051,-6432.830640227185,-6572.463978216002,-6658.204134069101,medium
FC,83,4,4,2880.0,4.799552350620428,1.373919865088363,2.0,16.08621734514277,676.8304930191541,1475.5265150005189,,0.283101735688944,0.02193896471103035,0.0120712770312759,,46.68613435340336,0.8195244833668061,38.31659786317684,55.79664091890187,-6266.220242676317,-6425.986996894561,-6412.111864165675,-6461.661777283511,medium
VISal,83,2,2,3150.0,5.249444037127078,1.0342439120988156,2.0,67.28159389891536,1032.6968774369275,2574.4176649874394,,0.0825420599725358,0.019613999593659698,0.016316334373194,,361.760891195488,0.7546554024975799,289.78177003537866,409.8692193565373,-6276.849658002987,-6428.969467522418,-6493.216966453316,-6232.834357059646,medium
PYR,82,6,6,6833.0,11.387081643432818,0.8009968874794664,2.0,236.3738090907101,2336.2818840062355,3086.3315022798533,,0.09413536353570955,0.051058912250401,0.0695441641498441,,1234.4671503687164,0.9043023032546846,1095.1087216736842,1296.1511502336366,-5760.402774422562,-6142.2848467738895,-6357.628956267615,-6640.734995931765,medium
PF,81,6,6,3711.0,6.184443795951187,1.0725696581921018,2.0,82.01822772713675,1018.2490158392806,2543.818836199279,,0.0905163485187151,0.01869332561655,0.0081527051695443,,207.7610662858814,0.706209724845633,168.00429790529398,290.78356266049354,-6379.802934521487,-6531.014190114836,-6563.4492453767625,-6606.723784051651,medium
SPF,81,13,13,2680.0,4.882320570286779,0.9855085057899188,2.0,290.2559702273679,2054.505587761721,2965.5574291234875,,0.0544045345970146,0.0214752870839415,0.0795719011907106,,951.9773333790116,0.8235035040385349,834.2892484899475,1069.665418268076,-6074.7761626427055,-6358.401385196842,-6432.295927129102,-6315.513316581674,medium
DN,78,8,8,9961.5,16.60138412077222,0.8122186923217771,2.0,131.4059583214966,1562.6129131112395,3529.2305442264233,,0.0706615336204512,0.0256017684544184,0.01393260230379665,,662.5557044073107,0.8300393678409641,552.6478552095328,811.5223078419551,-6253.2178425106795,-6507.058444989373,-6663.285425621474,-6843.124080292751,medium
LSv,77,11,11,2259.0,3.764634655813169,1.1876683514372044,2.0,33.85772221568932,347.0847760205955,2981.982431841335,,0.141520546542707,0.0261016424039013,0.00861494310453615,,67.47580368267998,0.7444616148239049,54.41338572821032,78.06847875150538,-6436.0784177805845,-6488.185816705772,-6422.839571262769,-6337.912072735965,medium
HATA,74,7,7,4184.0,7.506681743842173,1.12594920881369,1.5,61.06946421928562,532.0912066092785,2802.51259460403,,0.11482903820326029,0.0144676654971412,0.0094204452694113,,87.98036715273153,0.7302294461241652,79.54901529393837,97.65265078158058,-6423.642395294697,-6525.118010176635,-6517.23226103625,-6515.2879023165115,medium
VISC,73,6,6,2363.0,3.937954231655095,1.0858814752566142,2.0,38.78455173553284,1083.5184970471837,3066.2960562918106,,0.0936651222763544,0.0160194680070022,0.0139570302026746,,255.8057058402063,0.725414704144836,220.60881296775003,287.72451701559606,-6177.628665445945,-6423.104863076679,-6426.675088144206,-6440.758106316769,medium
NPC,73,10,10,4300.0,7.302395383923398,0.9276094844400412,2.0,211.24167850570143,2372.4472527079697,4538.7002969976,,0.0588285911242385,0.0279783321547866,0.0419529825682958,,967.2870975084307,0.8082820662953264,847.2183880017695,1057.176524479014,-6008.064013195608,-6359.320965751206,-6393.015296851589,-6205.820711432456,medium
PCN,73,9,9,3302.0,6.259270864511683,1.0680261079067055,2.0,39.63742378547056,1312.4111688140824,3456.02743417214,,0.1092520734913756,0.017847046447669303,0.0121408231630828,,260.5791492948286,0.7689955446778745,206.5755112683736,282.2583307620165,-6159.64216122069,-6419.502985791049,-6461.247752826633,-6425.659111949483,medium
CA2,71,21,21,3476.0,6.042795239423485,1.1541847616248635,2.0,20.028860995211083,365.8753780164898,2754.0643338568207,,0.1996068883971861,0.02026282647555295,0.0157666062849896,,77.11188937275655,0.7564061319420023,67.72128518852288,91.58304005567618,-6251.543906325382,-6432.41409988015,-6414.826586897403,-6462.241388326207,medium
LAV,71,9,9,2139.0,3.564560808909643,0.8309592399732839,2.0,178.66055461581024,1911.4074798329925,2725.4891667277284,,0.0840960382742749,0.0761337701242116,0.0537158729335054,,1064.4936575621657,0.9060605232255684,987.1075173320552,1167.066566282607,-5624.0681190786845,-5970.3014054122195,-5888.470279779974,-5877.324950372429,medium
AUDpo,70,4,4,2773.5,4.621880402185221,1.1573323115785936,2.0,35.669864549580865,488.9270386313417,2283.7318694720643,,0.1074099540613864,0.0203357623271346,0.0090490148409204,,134.23559037247986,0.7937135569536684,114.70603491793987,166.31905677880135,-6269.677122989497,-6486.796718941278,-6517.236639196086,-6525.874572119283,medium
PFL,69,7,7,6182.0,10.302051995159626,0.8970692730423759,2.0,95.03407825025118,2128.928092762403,2921.474243861985,,0.071245532888893,0.029488542201988398,0.0153244625142071,,527.7544313686684,0.7993848637892738,437.6460356725106,632.2537357120701,-6214.943583839927,-6496.8867890563015,-6541.820154409904,-6506.917680922772,medium
CLA,68,6,6,784.0,1.3065085216678485,1.1458389230515433,2.0,59.30094414589017,1352.7308584299722,2093.4339209733203,,0.0866529478984862,0.01883811789954555,0.039844110485898,,318.5680243050822,0.7370927883800238,273.5539651821379,362.9434630154176,-6126.784308369037,-6313.068311295326,-6373.098251984175,-6409.24222900782,medium
NDB,67,4,4,827.0,1.3998534811571597,1.3328856775876126,2.0,30.886320600009725,690.9737829308061,2324.019530743135,,0.1326668338117447,0.02341221923263205,0.0088395969386006,,119.90334342875052,0.758781330327875,101.844316193043,137.29138728242168,-6168.675067499895,-6352.296266677606,-6412.467402234067,-6409.052603467133,medium
PPT,66,10,10,1845.0,3.2296624044504094,1.0082387273201419,2.0,148.715824921199,1054.6215793879585,2512.486026535934,,0.0647202515480712,0.0261977072682908,0.02527758932876365,,581.1196993854171,0.7747079454723772,493.6302402221465,680.1467961375545,-6071.729942365755,-6256.507104006703,-6307.74865299655,-6331.799653260439,medium
PCG,66,9,9,4364.0,7.272471020539076,0.9714683194443905,2.0,181.7119250593273,1909.1723849261898,3364.666574154505,,0.06846894543715726,0.0444676310607955,0.01430875283259505,,734.2597235309102,0.8385284636142549,648.8174584187632,802.8300093526756,-6022.0835561024305,-6330.339905428188,-6450.51865345901,-6480.665318284903,medium
CUN,65,10,10,3107.0,5.177689635524224,0.9075644440967374,2.0,140.72372389169237,1815.5460637791336,3786.746036387439,2706.5233311404195,0.0838103436010492,0.0162396094396357,0.0132848763217617,0.0150472405247772,395.807720464552,0.7946923270796228,329.17103870936023,420.4147522912291,-6191.29721032995,-6407.984328617763,-6548.921372105717,-6611.84177922196,medium
NB,64,3,3,1592.0,4.4376493181428724,1.16280054382411,2.0,36.114423806458525,1459.405865453943,3772.3049097026965,,0.18871282339135093,0.0252423082254345,0.01307655024550995,,107.2556633145746,0.7744279677946958,93.14339439728985,125.34760306813482,-5923.45497130365,-6075.397847894128,-6097.63048116769,-6229.028662901779,medium
RPF,61,4,4,2261.0,3.791330112432022,0.9794252755765244,2.0,225.28383098019447,1622.3113605020308,4506.4796452092505,,0.0439325757565052,0.0192465865144937,0.00809452498307505,,834.5869968187712,0.7175417801331658,716.4255995245614,882.3542160319828,-6314.319596975558,-6444.511276862389,-6449.469708639293,-6557.781294051747,medium
CL,60,9,9,6346.5,10.576523913002509,0.9495663984693501,2.0,55.42913954856135,1189.4716665968083,3130.478199411392,,0.12256573138994731,0.0268074315929134,0.010327441031127,,256.11471499677646,0.7776800137405155,238.21777954886136,289.3571452190595,-6131.486505259843,-6451.285126278726,-6465.643881034027,-6561.599306201422,medium
LH,60,12,12,3404.5,7.465750643796022,1.083325687398997,2.0,37.73010802977269,1590.1187219545473,2549.9058082864663,,0.118114401564852,0.0125644475759193,0.0028278574645871,,143.27750283361132,0.6921865883648578,112.16953817215744,168.26164685128506,-6332.520599249349,-6450.391509899795,-6363.91905324769,-6402.94987327769,medium
LRN,52,5,5,1656.5,2.7605635904226906,1.0361954059045901,2.0,254.66441461122952,1600.2523376197803,3135.738289789768,,0.08664822741120881,0.0270828043890279,0.0246665697991021,,940.6513314127644,0.8512729063903275,862.822909103425,1009.9525963764213,-6013.3097000857415,-6176.1765462967705,-6320.77894622007,-5854.985899372876,medium
AD,52,3,3,8974.5,14.95617567198756,1.1042820113285354,1.0,25.90690859581361,270.84740091351125,2267.521691896631,,0.1531991609435766,0.04045437593545135,0.02071842066593785,,72.42419340756115,0.7632019071836196,65.01552909728542,84.06718591190874,-6383.855631644521,-6511.840016079364,-6591.774592908821,-6530.2912569195905,medium
VeCB,49,5,5,2384.0,3.972962999802209,0.9862006024813864,2.0,81.26663860090218,1910.2619862306265,3207.0023455626006,,0.0728754856859364,0.03434436481347105,0.020481751049219,,998.5218790507492,0.8558474370062957,900.3171220728951,1059.6164279486625,-6042.927758840385,-6271.193484976324,-6394.4857972427235,-6414.19482939263,low
FOTU,49,6,6,3467.0,5.777770695838916,0.8813340657315022,2.0,242.7231957826721,1495.280529510899,2145.1741400771416,,0.0918656258557404,0.0519643462782479,0.0730552804703256,,620.6721536400354,0.873661159869425,579.6856778282424,701.9264022033047,-6060.23629243411,-6173.438498894408,-6368.334331244898,,low
P5,47,5,5,1213.0,2.0214004532443512,1.0927285047643287,2.0,172.35851341752902,3140.4978971236965,3857.7166833949186,,0.0885928146920569,0.03028743767547385,0.0495867521309495,,955.6539190627952,0.8249988165252257,847.35429805735,1153.4570809443676,-5609.744617166261,-5995.700083040276,-6285.161720277692,-6166.964130741798,low
PRP,46,5,5,1961.0,3.267924155779532,0.9864675462050359,2.0,203.31513006042053,3090.084141795042,,,0.05730110870929225,0.0354344582028484,,,2048.6939348655305,0.8293768584554712,1862.5654239259054,2220.489213489075,-5793.92331882618,-6166.4323729079215,-6122.435652037813,-6109.719214510714,low
PERI,42,3,3,1554.5,2.59055897006795,1.2133577877035122,1.0,103.0687532949029,288.5629851917329,3935.102124936008,,0.06862171353475735,0.0287044385250526,0.0043425205671068,,133.13461615134872,0.7029076007593414,117.2593702995049,153.2582823347144,-6411.69330976543,-6440.325348367674,-6349.538202368127,-6501.665871592154,low
RR,42,5,5,1857.5,3.0955245221769063,0.884857085844127,2.0,522.9290268966375,3285.714525703906,2534.915439168226,,0.0854656329279038,0.020702151970265398,0.021367480360724,,1356.737501423317,0.8249729203590206,1176.5879823876048,1470.2936608039054,-5812.655167458954,-6063.004244335236,-6170.242367603982,-6099.215763374306,low
PC5,42,3,3,1605.5,2.675598200062624,1.0684641000412407,2.0,167.52280910534648,2231.651507722634,3276.8015432044385,,0.06697263439974745,0.0381205172338657,0.028431500836531,,843.8483507438533,0.9226270141367157,738.5608478280571,981.5983768046688,-5885.628616001314,-6289.336151404776,-6264.660124974091,-6262.205233707849,low
VCO,42,6,6,3104.5,5.173647751361905,1.0034412932998327,2.0,233.87186698089363,2957.3036581681963,4534.518378170389,,0.06823691926038085,0.0423594718857738,0.04016661618185405,,1391.3425919626889,0.8601516736777166,1153.1336614666386,1751.4344138846313,-5821.536336409106,-6209.969994171286,-6133.144283997929,-6216.513009739734,low
APr,38,8,8,2709.0,4.691086409653658,1.112821546272131,2.0,47.02266679692333,597.9551975076192,2359.3783184684103,,0.04841886248993535,0.019816886454724,0.0132099025094141,,223.19652341515985,0.6066002570702103,170.4236746960285,281.0076787204857,-6247.910361226302,-6488.141245402044,-6333.805083216939,-6212.707545620838,low
MH,38,7,7,3262.0,5.436111457277102,1.185265449964971,2.0,24.25838222730993,1141.4198789351856,3161.7866194318367,,0.1090034005288011,0.0164672244495734,0.0101880485443855,,225.5226402240479,0.733916044396481,188.2688980359291,262.7763824121668,-6220.451291096311,-6445.236748478965,-6453.089431695505,-6328.116501941058,low
x,36,3,3,1355.0,2.258037711463343,1.0041669700801497,2.0,245.9594457417895,2288.9111913983706,3855.06258494589,,0.0834348215001485,0.0530560198538827,0.0400613048455628,,1041.7416787248035,0.9096064943448064,995.4742440793191,1215.3270834451032,-5711.010977062371,-5971.43127684443,-6081.68671747988,-5848.545269821992,low
AAA,35,3,3,2626.0,4.376116493199424,1.1281770644831983,2.0,33.707925100437855,1493.2639948187998,1952.0102933263024,,0.1311094093685746,0.01293570416117545,0.023088140652514397,,186.170737793685,0.7335146635086783,151.05409618808696,212.63910280599583,-6226.6326521778665,-6424.599324826976,-6501.860899905812,-6521.48426479222,low
FS,35,5,5,1910.0,4.212800181628318,1.1846541859977933,2.0,36.57621191945456,985.1726444141369,4185.608387671802,,0.1456409838709486,0.017464004753428748,0.0137667711530093,,176.42472208287316,0.7805902183043818,140.79845824131803,212.0509859244283,-6107.172905697334,-6350.180237299272,-6408.832114503413,-6348.792956214299,low
CM,35,5,5,4517.0,7.657522452509433,0.9099350518105708,2.0,117.70653587692492,2726.5850489964237,2299.9485259912017,,0.0609118076891851,0.0145356325616262,0.0103267818348241,,560.6137230204854,0.7159080500339016,462.76467562653113,690.824923624064,-6061.564367612815,-6373.848821506199,-6357.293724028328,-6342.787412732685,low
ICB,34,4,4,3428.0,5.7125929199363,0.8307827952237351,2.0,529.3364628349359,3316.3790692262237,5184.225260326616,,0.042723413408459254,0.05083790258636415,0.114770000060991,,3115.481270120944,0.9264544939226147,2901.4088420502812,3282.8650917102614,-6038.088815976076,-6165.095084199087,-6235.985607897109,-6339.746880367426,low
LING,33,5,5,6091.0,10.150351072150526,0.7619950974653769,2.0,245.52983311196465,1867.082113455511,3148.388265654118,,0.145253580117342,0.09866881072349454,0.03651327129042365,,2001.583299711378,0.9422871153577416,1452.0351713511811,2052.2064614499777,-5517.391532190303,-6137.4176244526725,-6144.534703872436,-5726.543701314249,low
PG,33,4,4,3663.0,6.10446116235271,0.9740916387576576,2.0,627.8095548435141,2309.5127995209286,,,0.0514456173710353,0.0336670495878434,,,1348.519534190755,0.8844948809318077,1291.9779071997252,1438.5465504016804,-6387.398536604574,-6461.099629790419,-6472.220697469977,-6508.305811784388,low
GPi,32,4,4,2240.5,6.306686614649352,0.8974819114471223,2.0,113.49808563118381,1515.7925564588622,1532.0552107928056,5159.422492181769,0.06247867624672175,0.0248590264318597,0.0158512526771046,0.0823359939539376,506.4812592434985,0.7506277172369187,373.7393082140125,622.2006237337853,-5965.103829502361,-6138.977488338289,-6148.829142749576,-6474.220838188508,low
PVT,31,8,8,1204.0,2.298111331215372,1.2834961181277391,1.0,16.722393714319047,788.3448618321884,1056.218647199932,,0.2339439617181908,0.02379152592577565,0.0024261510518441,,37.88995789268756,0.744555251537306,26.03997217557812,44.76408222203541,-6195.60811230632,-6259.639652201004,-6516.434630093342,,low
RE,30,3,3,10404.0,17.337853201257737,0.9956631857017229,2.0,65.81812809566594,1588.1187060284096,4011.0804733572254,,0.0540760290452232,0.01308457764942215,0.0046172613763283,,237.14402875380938,0.7367736306243489,180.65783163962686,270.12094592031985,-6538.854798970844,-6636.155063148362,-6693.4753772595395,-6634.455921472505,low
VPMpc,29,8,8,3718.0,6.196116640888905,0.9549943120930412,2.0,88.2162287964701,1201.446975114877,2672.437782934257,,0.0930303875588735,0.0246813696626025,0.0129770847144671,,464.1918824919112,0.810302071832092,408.3723072568478,489.7480381592285,-6197.460640885126,-6456.847252887077,-6343.215010911229,-6330.498434495428,low
IO,28,4,4,2893.5,4.821891641043983,1.0083533483899139,2.0,197.25089013868757,4128.655525297727,,,0.06794567009298524,0.018012719306877048,,,1331.4212670366032,0.8303786064287642,1149.0069690092746,1506.5654923109778,-5974.973274350881,-6347.316374448414,-6530.26342857019,-6192.36250868573,low
DMX,24,2,2,1024.5,1.7073145146700037,1.2388377958505634,2.0,46.508960276938055,576.2082540612649,2446.5939527167866,,0.0936037880240371,0.056104359684517754,0.0224298343600381,,303.0209936646869,0.896866104707889,246.10705313944712,339.7265358790788,-5643.036056569268,-6165.084867750344,-6151.937704161888,-5827.824542466097,low
LPO,24,3,3,11150.0,18.581248174888323,0.7142816058863998,2.0,63.63939294717612,941.9960126599524,3257.7605296868037,,0.09883464410931035,0.0228477593960774,0.01040717270353515,,235.92836615741209,0.7245367702869687,209.74469968016032,274.11762828001116,-6164.540948447648,-6358.96593738292,-6599.920209170765,-6758.340917758661,low
COAa,23,4,4,1971.0,4.389330386520123,1.120750389735807,2.0,41.08719555013729,396.4520957058055,3394.460564306673,,0.1487038981796051,0.0822961636869648,0.0221204776041136,,301.28642207462406,0.9210578495012344,218.23336343922333,391.6333400802639,-5556.887406929625,-6027.421528915338,-6460.592520541493,-6122.343324409704,low
IntG,21,2,2,3885.0,6.473983586977875,1.030627458540725,2.0,195.84005938117056,975.6276176252476,,,0.0363688193142789,0.0385158370251967,,,757.1661120158938,0.8430274820922702,730.5818496128644,783.7503744189231,-6372.197580833742,-6513.226060226308,-6512.977055749927,-6454.802859480489,low
CLI,21,5,5,2890.0,4.816243947171598,0.6785415342903685,2.0,339.8060786229817,2800.3526902087888,2977.990657966876,,0.0871758684297833,0.0638674751332669,0.0231731523014515,,1401.1721439864575,0.9094407608932192,1329.1601986719936,1473.184089300922,-5638.55695195219,-6227.637687852442,-6199.731972665735,-6186.843246596352,low
PR,20,5,5,8259.5,13.764405685172834,0.9522934404025754,2.0,32.84313653826291,1173.8226650272074,2828.5205752512607,,0.0777068746733411,0.0132340322320258,0.01033700335040115,,166.36181425426943,0.7122224192208717,141.15498501829876,191.5686434902401,-6386.656167254239,-6552.101814695507,-6576.9853938454435,-6567.462314258437,low
VTN,20,2,2,3696.5,6.160325553049812,0.896320253181587,2.0,37.684322439733876,2610.2143621381165,3008.7649025614946,,0.1188693940637254,0.0756161809826986,0.09500043021559189,,727.8207550056338,0.8647360987666652,636.9782250687255,818.6632849425421,-5771.493297573166,-5666.370998597868,-5907.224800230057,-6309.388476141177,low
VTA,20,4,4,702.5,1.1707307891371923,1.1447126169523894,2.0,52.75321161616563,3595.696010134731,5489.550024249644,,0.1466002870122227,0.0878454062338252,0.0090313557971172,,854.4787132636436,0.7654902978324409,731.4638859086165,918.2219144492951,-5319.780595408308,-5511.402534357404,-5744.472957359765,-5181.688682269184,low
I5,20,2,2,8411.0,14.017028315257571,0.8345860415640023,2.0,134.29566449193857,2833.2004908136373,4755.21663531296,,0.12465642005917216,0.0200854992147522,0.061105974135012904,,736.2943042676304,0.8850281701430349,702.6851476730928,857.9997154378807,-5651.843454481797,-6514.432149504831,-6491.339762341275,-6386.209855348584,low
FL,19,5,5,9354.0,15.588057740698831,0.8292411215307938,2.0,146.3837434427114,2276.1290526190646,1852.6633902141668,1843.604427883784,0.0837056997976365,0.025565062831766,0.07361210903781731,0.0698245915645434,675.3801492891137,0.850865447213133,599.4582570037911,751.3020415744361,-6065.852766051223,-6556.733208152031,-6469.979814114536,-6322.486100118676,low
DR,19,2,2,1804.0,3.006398788310014,0.9774777277825484,2.0,195.00379636305635,2825.13952438206,4074.550115667513,,0.0803242907707675,0.0082253904799058,0.06069612893433725,,423.5363241174529,0.6744736984657695,351.969880408909,495.1027678259968,-6050.243659233031,-6425.262584809885,-6435.653416451274,-6429.769701204416,low
FN,19,3,3,18935.0,31.55405641651493,0.5217738674597201,2.0,29.6317197707952,413.1089442232904,3273.466164528453,5142.936382682814,0.2592892330738703,0.0299118751176089,0.02646077630719865,0.4374823522690372,962.0094934124072,0.7748656558916603,840.132303200095,1099.989481356058,-5840.886058333602,-6284.678151294757,-6456.6543203554775,-6468.533228778163,low
LDT,18,2,2,971.0,1.6181385460454552,0.8991544537186169,1.0,959.9460672845512,4093.2378796543176,,,0.08362988083860459,0.0271586694214446,,,1549.9824413361725,0.7842770968650831,1396.1814118254497,1747.8398276797773,-5603.10196131097,-5831.234725865517,-6078.987166566104,-6436.381022744181,low
MA,17,5,5,4730.0,7.882498506543199,0.980138142981614,2.0,51.18345727279741,2114.904622956685,5494.273222659726,,0.0717342407860799,0.01563086257514,0.0142073792136792,,478.3758716133437,0.684746998807535,383.5009410349505,573.2508021917369,-6142.705851403983,-6483.754103066805,-6475.082896130633,-6625.106178184109,low
STN,17,4,4,1013.0,1.688177566732746,1.2178043783872488,2.0,54.99183888310578,815.6204197082458,1291.0696557648293,,0.2519096318116269,0.0623180766406939,0.03933135279121025,,224.8555391939105,0.9315390777951368,200.308329574336,251.7546259057305,-5438.526115469792,-5700.704751180202,-5695.968873063934,-6158.900772441029,low
IAD,16,4,4,4656.5,7.759833989076037,0.8862298161792678,2.0,229.16566729595718,2841.668326745085,1801.769739085775,,0.05148094467939595,0.0091367359547478,0.1019431896552224,,557.6714477199444,0.625761647884677,500.8805077736619,614.4623876662267,-6401.597563290352,-6486.298104183611,-6548.663837705807,-6658.441074263673,low
PH,16,7,7,6085.5,10.14144384600738,0.930280373016649,2.0,163.25251963130552,1155.471800135893,1308.450699748396,,0.1033974720647179,0.0512410291851582,0.1195577745157322,,515.7914477272859,0.8444898222381216,476.93978571375595,554.643109740816,-6187.99314189677,-6297.816777544625,-6416.619673466304,-6534.708838999475,low
SAG,16,3,3,3103.5,5.883538971822441,0.8116132834613177,1.0,1992.463449547376,3495.8479745640493,,,0.052731535303395555,0.0471151771403602,,,2867.798404133278,0.86061879829522,2704.524381250769,3031.0724270157875,-6160.222935332989,-6194.282135874588,-6318.635948679107,-6359.760917150335,low
RO,16,1,1,3498.0,5.8294452332906115,0.9789837050638016,2.0,120.42236774870759,1703.7473489297365,2725.007632944431,,0.05789940533477495,0.030284250220033303,0.04077047341116445,,904.191190852697,0.8761632765025089,848.826291107353,959.556090598041,-6213.974304504041,-6370.840861310688,-6205.73555281516,-6029.676153447012,low
PeF,16,4,4,1955.5,3.58215308767575,0.8830580322502233,1.0,117.44568019036058,1808.2020317670235,3102.7141782790945,,0.08509734093884666,0.0403156333938001,0.0037108108324364,,988.4665092725454,0.7989803272540619,879.1025677553739,1097.8304507897167,-5901.365191084535,-5976.031472049323,-6578.799503004402,,low
AOB,15,2,2,3840.0,6.399142146887057,1.2147932684515383,2.0,19.64575127622114,255.86344997638415,2810.4794489200694,,0.1080423042803776,0.024577160751231952,0.0076834521439187505,,92.33843871241106,0.6800175114251295,75.01260198175267,109.66427544306944,-6332.430596422548,-6519.785367276898,-6546.441529212901,-6495.895579141186,low
PBG,15,3,3,1028.0,2.1897842266789684,1.0042899276035175,1.0,134.80412312613464,4835.396354592124,,,0.1350266037633699,0.0327852253125007,,,210.38877527977152,0.8202175032708539,195.837392351024,224.94015820851905,-6054.901665089061,-6002.166406859607,-5990.811124303679,-6694.523356428221,low
PIL,15,3,3,3100.0,5.166168752429404,0.9811156068978268,1.0,605.8340581788399,1203.068504822776,1418.4079014440626,,0.0656903451056451,0.05436655398132545,0.01882276053358615,,811.8061352262937,0.8651071837449362,769.4333978163284,846.3695389274405,-6287.214132686713,-6207.197482818856,-6171.185976942056,-6002.422398706053,low
IA,14,2,2,4234.5,14.112738895496214,0.9840540775237169,1.5,25.328486739605484,1074.5841850415472,,,0.24471926178458253,0.0194030207851714,,,48.07590508646097,0.7238803758710003,38.53702282881887,54.01707717084413,-5969.283589652242,-6021.4806994249775,-6141.432339844077,,very_low
AT,14,2,2,6708.0,11.179102381788272,0.7814807858638899,1.0,1655.236284196185,1244.2787515864038,5756.246406808095,,0.084220194580403,0.1009654407341661,0.0398261438346667,,3113.347344556155,0.8709190678696426,3008.243187482609,3218.451501629701,-5990.177257713689,-6514.8399966215065,-5849.6217201219215,-5840.063503407239,very_low
IPN,13,2,2,8672.0,14.452479911710704,0.9380638348510832,2.0,351.71019566469533,2825.634626680583,,,0.0206696004986397,0.023615414501880302,,,1302.477321233487,0.7857825242985714,1153.110566971157,1504.1456341378905,-6434.749434704807,-6587.932964163932,-6673.873958091977,-6673.0480416523005,very_low
PVHd,12,4,4,10352.5,17.25228541487662,0.9935867949225109,1.0,25.956517266940395,1426.6384393167823,4016.846163630771,,0.14689806458323376,0.0323269712957966,0.0016923469600375,,37.98498801723299,0.7763236180424352,32.96082539958779,43.00915063487818,-6507.94923582421,-6670.904742762189,-6645.5407428878125,,very_low
AHN,11,3,3,7907.0,13.176931191103964,1.0251827849065565,2.0,28.440246665722672,823.0122793004317,1901.234228951035,,0.0720437200758311,0.0258131632620755,0.0062156665229395,,257.7581070962391,0.7708506060767943,202.10081917087948,293.34999567064426,-6457.394464655908,-6593.525396426448,-6592.8446925092085,-6612.19110278802,very_low
AMB,11,2,2,1325.0,2.2081281194324336,1.045073479236574,1.0,1013.546964297382,1589.6493967977765,5841.519496038181,,0.0657781195635566,0.0487303318414965,0.0110729732991594,,1066.4013021034434,0.9193377981329036,1032.3712315265172,1103.0399037101256,-6220.941080999469,-6349.415192188339,-6353.018583623914,-6247.78874146353,very_low
DT,11,3,3,3351.0,5.584476969973457,1.03347741125887,1.0,120.31257080404934,1297.397750409239,,,0.0608928338979976,0.011272410143786701,,,169.08623590884147,0.7521551382009564,150.29537834019152,187.87709347749143,-6425.242713874216,-6462.962240850371,-6511.539229250862,-6421.955206398903,very_low
NI,10,4,4,3893.5,6.487930475625993,1.008708752792654,1.0,100.80147553601648,1399.7303439229277,,,0.10191557453123529,0.02612165209997505,,,160.23316426524454,0.6994204012791971,144.20982193221624,176.2565065982728,-6231.9858634345865,-6534.9534718630575,-6516.648426627249,,very_low
PP,10,3,3,2112.5,3.5204201145675813,0.7570253442823104,2.0,297.89428463561615,2226.83428278875,1766.1639113114177,,0.0523347382125764,0.02625971494106175,0.0095343128523156,,1150.4336354287461,0.8552001481181677,888.2901007929992,1366.373202560089,-5915.731994960504,-6135.622367340509,-6349.467725521671,,very_low
MPO,10,4,4,1396.5,2.327246249298718,1.3035850511886675,1.0,27.870425926298303,1311.436461564251,,,0.16167279757517705,0.030178606560314798,,,33.31643611208336,0.7412605840199551,30.292165750801757,36.34070647336496,-6453.548378066336,-6357.844175555115,-6198.362965875804,,very_low
Pa5,10,1,1,1129.0,1.8814751750021992,1.1704114233403233,1.5,998.154678354236,2452.123063036948,3747.268623709695,,0.04940531050746265,0.0284375437404771,0.0255387790381495,,1695.181202276697,0.8436780344550003,1564.8121485558609,1797.444386187466,-6151.8109778858425,-6192.1086682780515,-6116.4278974509325,-6068.091146905034,very_low
MM,9,2,2,1482.0,2.469667375139696,1.4957394998126676,1.0,21.77607146010945,796.4682353299406,,,0.2068630042552687,0.344322031801154,,,21.77607146010945,0.6956935665405992,18.59035075767881,24.17284640944121,-6463.009586348074,-5268.767146598542,,-5721.132045408564,very_low
SNc,9,4,4,799.0,1.3315383332874495,1.0681464531610123,2.0,134.76139509070302,3052.7660316588363,,,0.0684332549703946,0.0346366296916747,,,1239.0264648995146,0.8295463908162065,1131.7151201042689,1346.3378096947604,-5781.38608689486,-5930.607826720046,,-5864.854992913586,very_low
PDTg,9,2,2,3342.0,5.569491058315866,0.9297706632237968,2.0,127.08781115984311,1351.4667813171347,5289.13512843421,,0.044353192806162,0.0361720967458094,0.0205306343767183,,591.4272451801503,0.7620849333972505,559.6917861288179,623.1627042314827,-6309.243853385414,-6337.006158753673,-6484.393701204479,-6306.856471659579,very_low
IGL,9,2,2,2155.0,3.591217607939933,1.0058752515116738,1.0,790.0839651754222,3729.636713561523,,,0.048237140647433,0.0437799106784381,,,2691.611647356315,0.8623011481771454,2466.894959835139,2839.1612213616927,-6145.6110542674405,-6439.884731670843,,,very_low
RH,8,2,2,1508.5,3.9377443199763063,1.139049941415065,2.0,46.41947925187021,1318.5567793735172,,,0.10137477743017285,0.0300761967190789,,,243.46410864961655,0.7353640290953558,200.4422862482275,286.4859310510056,-6221.226982396138,-6420.044574276582,-6474.733350658307,-6438.780424004226,very_low
VMH,8,3,3,6564.5,10.939997692658958,0.9683574428976531,2.0,147.67590542304174,2198.1888577165014,1210.5576075978374,,0.0557943124299546,0.025974347041987603,0.0463772000665789,,560.0372590367842,0.8751885795174168,517.012651692537,613.5724532239428,-6300.378838260844,-6526.930501331321,-6560.94713827948,-6493.399868619568,very_low
LIN,7,2,2,687.0,1.1448239519413073,0.927220134635072,2.0,150.40672268817897,1244.5318378349198,5492.90118458529,,0.1188743168532664,0.0863252538618282,0.1959210657528779,,621.465731922008,0.9278443429069388,524.9828409546649,717.9486228893512,-5290.374737836496,-5918.494808600239,-6620.740668326518,-5759.469548669965,very_low
PS,6,2,2,18171.0,30.282061235405532,0.6361573186907792,2.0,25.313407765911627,415.16536450768433,4686.438831350067,,0.1372784219457447,0.02118417561137475,0.0052351442696723,,76.80313809456561,0.7251589380956147,57.459883713999844,103.29327853953454,-6398.049470828608,-6682.180469189351,-6756.766146897436,-6743.973240463721,very_low
PSTN,6,3,3,3434.0,5.722723053351688,1.001628970621901,2.0,186.25624822950772,1533.1803105466192,3763.894685832976,,0.08656423919655534,0.0669862304824665,0.0703088314491847,,842.2532128005331,0.8732718211435428,714.9198779793167,994.998293314706,-5097.404603789681,-5761.317374862996,-5969.218473432411,-5956.4279526136725,very_low
DMH,6,2,2,5684.5,9.473298362747105,0.986343557465054,1.5,21.298321464387367,646.978905695396,5902.76296477768,,0.0523394145743546,0.0182880027612817,0.0050938278790669,,154.90810480549126,0.5882169740151878,110.27894709667638,199.53726251430612,-6461.4734100071855,-6615.012833600778,-6617.277979648898,-6599.748993374469,very_low
SUM,5,1,1,6418.0,10.695721966642092,1.2280116948433129,1.0,26.145707147369983,2503.500798409265,,,0.3425309480996486,0.0080633009155451,,,26.43842310911968,0.8201204179219109,23.86622441043131,29.01062180780805,-6267.057008528113,-6547.964422676994,,,very_low
OP,5,3,3,1381.0,2.6514927152598413,1.0425531346925456,2.0,123.49553521524868,1794.4859582226618,,,0.1469084221492447,0.0340837903364266,,,661.1153978426973,0.8312967507751445,621.25205635723,700.9787393281647,-5910.415770605,-6118.327066178265,-6428.7178759207145,-6311.3043091392565,very_low
IG,5,2,2,2902.0,4.836015138758297,1.1833160996050829,2.0,24.60696801508721,1063.0549095218416,2805.51269422759,,0.1965174858712966,0.04027987368924115,0.043568584665302,,135.1003131962244,0.9013420932321112,123.03396898054788,147.1666574119009,-5432.569493150359,-6335.040583522167,-6418.849062149746,-6410.777156036816,very_low
PVH,4,1,1,5444.0,9.072456915980045,0.9579424261030736,2.0,19.867857429321386,465.44087258572256,5830.009364302271,,0.1579680887747755,0.0162093726381589,0.0116881584159592,,202.17915043566762,0.7887742508437805,161.77141977987603,242.5868810914592,-5875.062737395993,-6570.93303758111,-6498.92295215874,-6382.180032534656,very_low
IAM,4,2,2,7506.0,12.50852949475371,0.970217713065381,2.5,24.692773279875695,528.3626804615019,4409.433317488636,,0.1061476454901575,0.01375691672864615,0.01501882641192985,,341.5837116913333,0.764049635945375,283.87816692621305,399.28925645645364,-6326.275683883874,-6604.246130690806,-6664.7184927560775,,very_low
SH,4,1,1,1880.0,3.13303676716708,1.205767887250055,2.0,21.559333006219113,695.3946802220587,1567.0897935246198,,0.25259039810150774,0.0152547921553393,0.0152112693849327,,157.31138704838415,0.8539032598397025,126.70691359805974,187.9158604987087,-6094.753921730309,-6288.630674243745,-6293.922519834568,-6281.116658434515,very_low
TU,4,1,1,5644.0,18.81135812999962,0.7898906941289384,1.0,22.558461567549124,1743.2454222555862,,,0.24345632116628307,0.0117213444071751,,,59.23270978836429,0.633932465287157,49.69065651340098,68.7747630633276,-5862.571558454356,-5983.35805107845,,,very_low
MT,3,2,2,7032.0,11.71851696092181,0.9151959974223136,3.0,31.17219790077128,559.8541934881183,3196.402209094037,,0.108018554612562,0.0314549938342009,0.14190771885074405,,1235.434268663366,0.9696610928084108,1149.8786087982844,1320.9899285284475,-5250.743811423904,-6211.39988767177,-6424.05220938313,,very_low
MPN,3,1,1,2314.0,3.856294140995192,0.9390241854779422,1.0,109.95726443702176,3401.150771100747,,,0.0498416083346271,0.0102017087656118,,,669.1501816138506,0.6095219562999467,553.244771832674,785.055591395027,-6055.324426007756,-6282.577638677645,,,very_low
AVP,3,2,2,2395.0,3.9911877698904425,1.0574142497930283,2.0,16.691777852208507,402.9599064878791,,,0.0567860457875645,0.0261366779177871,,,123.34123822140876,0.7075580572339933,78.68450239190969,167.99797405090786,-6408.746893273233,-6456.65503074192,-6415.816129763474,,very_low
DTN,3,2,2,7327.0,12.210194122314158,0.9540936194330684,2.0,103.0316621533208,1860.5309720411733,,,0.0830227517854966,0.0531896619746068,,,402.117158141614,0.7950065599270437,360.0875616866816,444.1467545965465,-6052.974857353655,-6056.51748967146,-4894.151068427557,,very_low
GR,3,1,1,6562.0,10.93563395421594,1.3744164541343291,1.0,23.88520883325764,,,,0.1639121380025143,,,,23.88520883325764,0.6364516024469091,21.101691762840733,26.66872590367454,-6566.484559972877,,,,very_low
PMv,3,1,1,5126.0,8.542575013769909,0.9247161147225256,2.0,127.29978175753656,1412.2557851373804,,,0.0920831139358974,0.0578450657991267,,,762.6673891826441,0.954887498132738,731.2302408078726,838.2248703804273,-5739.583754154492,-6154.236537937766,-6179.626772032449,-6169.652748605853,very_low
PMd,3,1,1,5525.0,9.20751598733491,0.945704171653766,2.0,221.5764340449533,1993.215672857292,,,0.054472856669313,0.0199501687441449,,,688.7832683060763,0.8947406876265167,642.40922691932,735.1573096928325,-6105.18933307601,-6254.571070767309,-6251.055050450867,-6117.828155666473,very_low
LM,3,1,1,3411.0,5.684468552294971,0.8588153599467971,2.0,28.015793962671,1554.5337995348186,,,0.1310595184051512,0.0135916198223527,,,52.32599217480456,0.7577121463394151,37.16840674101229,67.48357760859683,-6257.496163002763,-6492.255976137786,-6483.342888013113,-6420.5285025138655,very_low
MEPO,2,1,1,3916.0,13.05056517313406,1.0242113763218104,1.0,251.58458140477623,,,,0.5105984235607193,,,,251.58458140477623,0.7207417742402364,227.51546731506798,275.6536954944844,-5961.895718644948,-6146.084722067525,,,very_low
III,2,1,1,718.5,1.1973549343603103,1.4155396356275696,2.0,19.895835072102983,317.7870895409837,1722.577164167133,,0.23633519590791804,0.0716183590282569,0.0048364188986134,,71.40019025490561,0.8169813802374603,62.659957148078526,80.1404233617327,-6149.812736613313,-6268.494826124688,-6270.501608285481,,very_low
PT,1,1,1,9954.0,16.5891420496243,0.8656313352690932,2.0,45.16949630131579,3257.2036721915906,,,0.0925820459081402,0.0152062568745811,,,498.3078750266801,0.7530486578396298,443.53555409458806,553.0801959587722,-6094.647989103653,-6610.178799126513,-6605.001441773281,,very_low
PAS,1,1,1,723.0,1.2048826689043943,1.286730545201631,3.0,19.97385322955645,276.6615691799587,1669.6876940479617,,0.1753007602064957,0.1871642337052892,0.0811983559943199,,430.1876142523338,0.9676085655500284,382.6363305096695,477.73889799499807,-4987.91083332458,-5553.905714661423,-5649.174479564506,,very_low
Pa4,1,1,1,530.0,0.8832684984063688,1.0106635992838011,2.0,175.75845055875374,1865.8966786806573,,,0.0599345278124624,0.0088368014269983,,,392.9334865986588,0.7482560755250445,341.5324664176994,444.3345067796183,-6251.069873791861,-6347.342035342893,,,very_low
SFO,1,1,1,8395.0,13.990248044448846,0.992222514719119,3.0,15.755412856784307,232.8616594644452,4343.235744740911,,0.0357243026223523,0.0558583774260345,0.0148673263948405,,734.0763203028112,0.855835003432686,516.4096560221466,951.7429845834756,-5981.574424875334,-6557.554620942185,-6561.209472159594,,very_low
SPA,1,1,1,2946.0,4.909332122254948,1.042048482972081,2.0,141.44730241390775,1565.3202303439436,,,0.0248014219713447,0.0172132015231278,,,724.8016113013897,0.6954563065830321,628.6164041324205,820.9868184703588,-6512.374170481223,-6586.985588843145,-6586.094247719087,-6574.285810010973,very_low
SubG,1,1,1,1181.0,1.9681427695123288,0.9156443609593646,1.0,5603.239267847639,,,,0.0410269477333895,,,,5603.239267847639,0.5226856468714256,5167.718099060432,6038.760436634846,-5921.479956317327,,,,very_low
ADP,1,1,1,4078.0,6.795810774574504,1.109437477745054,2.0,57.38358376482702,2777.765305542852,,,0.1197433646591382,0.0057673005278126,,,182.38697623743312,0.7849830125597168,153.6825184336592,211.091434041207,-6352.506232884438,-6520.742936889626,-6507.952413128096,,very_low
Xi,1,1,1,19497.0,32.491542611983554,0.9477480905601908,1.0,82.249809752099,,,,0.0986094607145234,,,,82.249809752099,0.8062632866682167,75.8982114327191,88.60140807147891,-6701.86438730318,-6696.743078857468,-6686.004415036082,,very_low
